--------------------------------------------------------
--  File created - Saturday-December-10-2022   
--------------------------------------------------------
--------------------------------------------------------
--  DDL for Table ASSISTS
--------------------------------------------------------

  CREATE TABLE "STU_AHERN544"."ASSISTS" 
   (	"POSITION" NUMBER(*,0), 
	"PLAYER_NAME" VARCHAR2(32 BYTE), 
	"TEAM_ID" NUMBER(*,0), 
	"ASSISTS" NUMBER(*,0), 
	"PLAYER_ID" NUMBER(*,0)
   ) SEGMENT CREATION IMMEDIATE 
  PCTFREE 10 PCTUSED 40 INITRANS 1 MAXTRANS 255 
 NOCOMPRESS LOGGING
  STORAGE(INITIAL 65536 NEXT 1048576 MINEXTENTS 1 MAXEXTENTS 2147483645
  PCTINCREASE 0 FREELISTS 1 FREELIST GROUPS 1
  BUFFER_POOL DEFAULT FLASH_CACHE DEFAULT CELL_FLASH_CACHE DEFAULT)
  TABLESPACE "USERS" ;
--------------------------------------------------------
--  DDL for Table CLEANSHEETS
--------------------------------------------------------

  CREATE TABLE "STU_AHERN544"."CLEANSHEETS" 
   (	"POSITION" NUMBER(*,0), 
	"PLAYER_NAME" VARCHAR2(32 BYTE), 
	"TEAM_ID" NUMBER(*,0), 
	"CLEANSHEETS" NUMBER(*,0)
   ) SEGMENT CREATION IMMEDIATE 
  PCTFREE 10 PCTUSED 40 INITRANS 1 MAXTRANS 255 
 NOCOMPRESS LOGGING
  STORAGE(INITIAL 65536 NEXT 1048576 MINEXTENTS 1 MAXEXTENTS 2147483645
  PCTINCREASE 0 FREELISTS 1 FREELIST GROUPS 1
  BUFFER_POOL DEFAULT FLASH_CACHE DEFAULT CELL_FLASH_CACHE DEFAULT)
  TABLESPACE "USERS" ;
--------------------------------------------------------
--  DDL for Table GOALS
--------------------------------------------------------

  CREATE TABLE "STU_AHERN544"."GOALS" 
   (	"POSITION" NUMBER(*,0), 
	"PLAYER_NAME" VARCHAR2(20 BYTE), 
	"TEAM_ID" NUMBER(*,0), 
	"GOALS" NUMBER(*,0), 
	"PLAYER_ID" NUMBER(*,0)
   ) SEGMENT CREATION IMMEDIATE 
  PCTFREE 10 PCTUSED 40 INITRANS 1 MAXTRANS 255 
 NOCOMPRESS LOGGING
  STORAGE(INITIAL 65536 NEXT 1048576 MINEXTENTS 1 MAXEXTENTS 2147483645
  PCTINCREASE 0 FREELISTS 1 FREELIST GROUPS 1
  BUFFER_POOL DEFAULT FLASH_CACHE DEFAULT CELL_FLASH_CACHE DEFAULT)
  TABLESPACE "USERS" ;
--------------------------------------------------------
--  DDL for Table MATCHES
--------------------------------------------------------

  CREATE TABLE "STU_AHERN544"."MATCHES" 
   (	"MATCH_ID" NUMBER(*,0), 
	"MATCH_DATE" DATE, 
	"STADIUM_ID" NUMBER(*,0), 
	"HOME" VARCHAR2(255 BYTE), 
	"AWAY" VARCHAR2(255 BYTE), 
	"SCORES" VARCHAR2(255 BYTE)
   ) SEGMENT CREATION IMMEDIATE 
  PCTFREE 10 PCTUSED 40 INITRANS 1 MAXTRANS 255 
 NOCOMPRESS LOGGING
  STORAGE(INITIAL 65536 NEXT 1048576 MINEXTENTS 1 MAXEXTENTS 2147483645
  PCTINCREASE 0 FREELISTS 1 FREELIST GROUPS 1
  BUFFER_POOL DEFAULT FLASH_CACHE DEFAULT CELL_FLASH_CACHE DEFAULT)
  TABLESPACE "USERS" ;
--------------------------------------------------------
--  DDL for Table PLAYERS
--------------------------------------------------------

  CREATE TABLE "STU_AHERN544"."PLAYERS" 
   (	"PLAYER_ID" NUMBER(*,0), 
	"FIRSTNAME" VARCHAR2(20 BYTE), 
	"LASTNAME" VARCHAR2(20 BYTE), 
	"PLAYER_POSITION" VARCHAR2(10 BYTE), 
	"COUNTRY" VARCHAR2(32 BYTE), 
	"AGE" NUMBER(*,0), 
	"TEAM_ID" NUMBER(*,0)
   ) SEGMENT CREATION IMMEDIATE 
  PCTFREE 10 PCTUSED 40 INITRANS 1 MAXTRANS 255 
 NOCOMPRESS LOGGING
  STORAGE(INITIAL 65536 NEXT 1048576 MINEXTENTS 1 MAXEXTENTS 2147483645
  PCTINCREASE 0 FREELISTS 1 FREELIST GROUPS 1
  BUFFER_POOL DEFAULT FLASH_CACHE DEFAULT CELL_FLASH_CACHE DEFAULT)
  TABLESPACE "USERS" ;
--------------------------------------------------------
--  DDL for Table REDCARDS
--------------------------------------------------------

  CREATE TABLE "STU_AHERN544"."REDCARDS" 
   (	"POSITION" NUMBER(*,0), 
	"PLAYER_ID" NUMBER(*,0), 
	"PLAYER_NAME" VARCHAR2(32 BYTE), 
	"TEAM_ID" NUMBER(*,0), 
	"RED_CARDS" NUMBER(*,0)
   ) SEGMENT CREATION IMMEDIATE 
  PCTFREE 10 PCTUSED 40 INITRANS 1 MAXTRANS 255 
 NOCOMPRESS LOGGING
  STORAGE(INITIAL 65536 NEXT 1048576 MINEXTENTS 1 MAXEXTENTS 2147483645
  PCTINCREASE 0 FREELISTS 1 FREELIST GROUPS 1
  BUFFER_POOL DEFAULT FLASH_CACHE DEFAULT CELL_FLASH_CACHE DEFAULT)
  TABLESPACE "USERS" ;
--------------------------------------------------------
--  DDL for Table STADIUMS
--------------------------------------------------------

  CREATE TABLE "STU_AHERN544"."STADIUMS" 
   (	"STADIUM_ID" NUMBER(*,0), 
	"STADIUM_NAME" VARCHAR2(32 BYTE), 
	"STADIUM_LOCATION" VARCHAR2(20 BYTE), 
	"STADIUM_CAPACITY" NUMBER(*,0)
   ) SEGMENT CREATION IMMEDIATE 
  PCTFREE 10 PCTUSED 40 INITRANS 1 MAXTRANS 255 
 NOCOMPRESS LOGGING
  STORAGE(INITIAL 65536 NEXT 1048576 MINEXTENTS 1 MAXEXTENTS 2147483645
  PCTINCREASE 0 FREELISTS 1 FREELIST GROUPS 1
  BUFFER_POOL DEFAULT FLASH_CACHE DEFAULT CELL_FLASH_CACHE DEFAULT)
  TABLESPACE "USERS" ;
--------------------------------------------------------
--  DDL for Table TEAMS
--------------------------------------------------------

  CREATE TABLE "STU_AHERN544"."TEAMS" 
   (	"TEAM_ID" NUMBER(*,0), 
	"TEAM_NAME" VARCHAR2(32 BYTE), 
	"STADIUM_ID" NUMBER(*,0)
   ) SEGMENT CREATION IMMEDIATE 
  PCTFREE 10 PCTUSED 40 INITRANS 1 MAXTRANS 255 
 NOCOMPRESS LOGGING
  STORAGE(INITIAL 65536 NEXT 1048576 MINEXTENTS 1 MAXEXTENTS 2147483645
  PCTINCREASE 0 FREELISTS 1 FREELIST GROUPS 1
  BUFFER_POOL DEFAULT FLASH_CACHE DEFAULT CELL_FLASH_CACHE DEFAULT)
  TABLESPACE "USERS" ;
--------------------------------------------------------
--  DDL for Table TEAMSTATS
--------------------------------------------------------

  CREATE TABLE "STU_AHERN544"."TEAMSTATS" 
   (	"POSITION" NUMBER(*,0), 
	"TEAM_ID" NUMBER(*,0), 
	"POINTS" NUMBER(*,0), 
	"WINS" NUMBER(*,0), 
	"DRAWS" NUMBER(*,0), 
	"LOSSES" NUMBER(*,0), 
	"GOALSFOR" NUMBER(*,0), 
	"GOALSAGAINST" NUMBER(*,0)
   ) SEGMENT CREATION IMMEDIATE 
  PCTFREE 10 PCTUSED 40 INITRANS 1 MAXTRANS 255 
 NOCOMPRESS LOGGING
  STORAGE(INITIAL 65536 NEXT 1048576 MINEXTENTS 1 MAXEXTENTS 2147483645
  PCTINCREASE 0 FREELISTS 1 FREELIST GROUPS 1
  BUFFER_POOL DEFAULT FLASH_CACHE DEFAULT CELL_FLASH_CACHE DEFAULT)
  TABLESPACE "USERS" ;
--------------------------------------------------------
--  DDL for Table YELLOWCARDS
--------------------------------------------------------

  CREATE TABLE "STU_AHERN544"."YELLOWCARDS" 
   (	"POSITION" NUMBER(*,0), 
	"PLAYER_ID" NUMBER(*,0), 
	"PLAYER_NAME" VARCHAR2(32 BYTE), 
	"TEAM_ID" NUMBER(*,0), 
	"YELLOW_CARDS" NUMBER(*,0)
   ) SEGMENT CREATION IMMEDIATE 
  PCTFREE 10 PCTUSED 40 INITRANS 1 MAXTRANS 255 
 NOCOMPRESS LOGGING
  STORAGE(INITIAL 65536 NEXT 1048576 MINEXTENTS 1 MAXEXTENTS 2147483645
  PCTINCREASE 0 FREELISTS 1 FREELIST GROUPS 1
  BUFFER_POOL DEFAULT FLASH_CACHE DEFAULT CELL_FLASH_CACHE DEFAULT)
  TABLESPACE "USERS" ;
--------------------------------------------------------
--  DDL for Table COACHES
--------------------------------------------------------

  CREATE TABLE "STU_AHERN544"."COACHES" 
   (	"FIRST_NAME" VARCHAR2(15 BYTE), 
	"LAST_NAME" VARCHAR2(15 BYTE), 
	"TEAM_ID" NUMBER(*,0)
   ) SEGMENT CREATION IMMEDIATE 
  PCTFREE 10 PCTUSED 40 INITRANS 1 MAXTRANS 255 
 NOCOMPRESS LOGGING
  STORAGE(INITIAL 65536 NEXT 1048576 MINEXTENTS 1 MAXEXTENTS 2147483645
  PCTINCREASE 0 FREELISTS 1 FREELIST GROUPS 1
  BUFFER_POOL DEFAULT FLASH_CACHE DEFAULT CELL_FLASH_CACHE DEFAULT)
  TABLESPACE "USERS" ;
REM INSERTING into STU_AHERN544.ASSISTS
SET DEFINE OFF;
Insert into STU_AHERN544.ASSISTS (POSITION,PLAYER_NAME,TEAM_ID,ASSISTS,PLAYER_ID) values (1,'Andrew Robertson',8,7,79);
Insert into STU_AHERN544.ASSISTS (POSITION,PLAYER_NAME,TEAM_ID,ASSISTS,PLAYER_ID) values (2,'Jadon Sancho',9,6,98);
Insert into STU_AHERN544.ASSISTS (POSITION,PLAYER_NAME,TEAM_ID,ASSISTS,PLAYER_ID) values (3,'Neymar Jr',4,5,43);
Insert into STU_AHERN544.ASSISTS (POSITION,PLAYER_NAME,TEAM_ID,ASSISTS,PLAYER_ID) values (4,'Luka Modric',1,4,7);
Insert into STU_AHERN544.ASSISTS (POSITION,PLAYER_NAME,TEAM_ID,ASSISTS,PLAYER_ID) values (5,'Toni Kroos',1,4,8);
Insert into STU_AHERN544.ASSISTS (POSITION,PLAYER_NAME,TEAM_ID,ASSISTS,PLAYER_ID) values (6,'Jordi Alba',2,4,13);
Insert into STU_AHERN544.ASSISTS (POSITION,PLAYER_NAME,TEAM_ID,ASSISTS,PLAYER_ID) values (7,'Serge Gnabry',3,4,31);
Insert into STU_AHERN544.ASSISTS (POSITION,PLAYER_NAME,TEAM_ID,ASSISTS,PLAYER_ID) values (8,'Jack Grealish',10,4,108);
Insert into STU_AHERN544.ASSISTS (POSITION,PLAYER_NAME,TEAM_ID,ASSISTS,PLAYER_ID) values (9,'Timo Werner',11,4,121);
Insert into STU_AHERN544.ASSISTS (POSITION,PLAYER_NAME,TEAM_ID,ASSISTS,PLAYER_ID) values (10,'Kingsley Coman',3,4,32);
Insert into STU_AHERN544.ASSISTS (POSITION,PLAYER_NAME,TEAM_ID,ASSISTS,PLAYER_ID) values (11,'Jose Angel Tasende',12,4,129);
Insert into STU_AHERN544.ASSISTS (POSITION,PLAYER_NAME,TEAM_ID,ASSISTS,PLAYER_ID) values (12,'Marcus Rashford',12,4,97);
Insert into STU_AHERN544.ASSISTS (POSITION,PLAYER_NAME,TEAM_ID,ASSISTS,PLAYER_ID) values (13,'Pablo Gavi',2,4,19);
Insert into STU_AHERN544.ASSISTS (POSITION,PLAYER_NAME,TEAM_ID,ASSISTS,PLAYER_ID) values (14,'Cristiano Ronaldo',9,3,99);
Insert into STU_AHERN544.ASSISTS (POSITION,PLAYER_NAME,TEAM_ID,ASSISTS,PLAYER_ID) values (15,'Lionel Messi',4,3,42);
Insert into STU_AHERN544.ASSISTS (POSITION,PLAYER_NAME,TEAM_ID,ASSISTS,PLAYER_ID) values (16,'Pedro Gonzalez',2,3,18);
Insert into STU_AHERN544.ASSISTS (POSITION,PLAYER_NAME,TEAM_ID,ASSISTS,PLAYER_ID) values (17,'David Alaba',1,3,4);
Insert into STU_AHERN544.ASSISTS (POSITION,PLAYER_NAME,TEAM_ID,ASSISTS,PLAYER_ID) values (18,'Thorgan Hazard',7,3,75);
Insert into STU_AHERN544.ASSISTS (POSITION,PLAYER_NAME,TEAM_ID,ASSISTS,PLAYER_ID) values (19,'Riyad Mahrez',10,3,110);
Insert into STU_AHERN544.ASSISTS (POSITION,PLAYER_NAME,TEAM_ID,ASSISTS,PLAYER_ID) values (20,'Mahmoud Dahoud',7,3,72);
Insert into STU_AHERN544.ASSISTS (POSITION,PLAYER_NAME,TEAM_ID,ASSISTS,PLAYER_ID) values (21,'Kylian Mbappe',4,3,44);
Insert into STU_AHERN544.ASSISTS (POSITION,PLAYER_NAME,TEAM_ID,ASSISTS,PLAYER_ID) values (22,'Jude Bellingham',7,3,73);
Insert into STU_AHERN544.ASSISTS (POSITION,PLAYER_NAME,TEAM_ID,ASSISTS,PLAYER_ID) values (23,'Karim Benzema',1,2,11);
Insert into STU_AHERN544.ASSISTS (POSITION,PLAYER_NAME,TEAM_ID,ASSISTS,PLAYER_ID) values (24,'Thomas Muller',3,2,30);
Insert into STU_AHERN544.ASSISTS (POSITION,PLAYER_NAME,TEAM_ID,ASSISTS,PLAYER_ID) values (25,'Frenkie de Jong',2,2,17);
REM INSERTING into STU_AHERN544.CLEANSHEETS
SET DEFINE OFF;
REM INSERTING into STU_AHERN544.GOALS
SET DEFINE OFF;
Insert into STU_AHERN544.GOALS (POSITION,PLAYER_NAME,TEAM_ID,GOALS,PLAYER_ID) values (1,'Andre Silva',12,13,131);
Insert into STU_AHERN544.GOALS (POSITION,PLAYER_NAME,TEAM_ID,GOALS,PLAYER_ID) values (2,'Cristiano Ronaldo',9,11,99);
Insert into STU_AHERN544.GOALS (POSITION,PLAYER_NAME,TEAM_ID,GOALS,PLAYER_ID) values (3,'Neymar Jr',4,10,43);
Insert into STU_AHERN544.GOALS (POSITION,PLAYER_NAME,TEAM_ID,GOALS,PLAYER_ID) values (4,'Karim Benzema',1,8,11);
Insert into STU_AHERN544.GOALS (POSITION,PLAYER_NAME,TEAM_ID,GOALS,PLAYER_ID) values (5,'Marcus Rashford',9,8,97);
Insert into STU_AHERN544.GOALS (POSITION,PLAYER_NAME,TEAM_ID,GOALS,PLAYER_ID) values (6,'Vinicius Jr',1,8,10);
Insert into STU_AHERN544.GOALS (POSITION,PLAYER_NAME,TEAM_ID,GOALS,PLAYER_ID) values (7,'Jude Bellingham',7,7,73);
Insert into STU_AHERN544.GOALS (POSITION,PLAYER_NAME,TEAM_ID,GOALS,PLAYER_ID) values (8,'Thomas Muller',3,7,30);
Insert into STU_AHERN544.GOALS (POSITION,PLAYER_NAME,TEAM_ID,GOALS,PLAYER_ID) values (9,'Paulo Dybala',6,7,64);
Insert into STU_AHERN544.GOALS (POSITION,PLAYER_NAME,TEAM_ID,GOALS,PLAYER_ID) values (10,'Jose Angel Tasende',12,7,129);
Insert into STU_AHERN544.GOALS (POSITION,PLAYER_NAME,TEAM_ID,GOALS,PLAYER_ID) values (11,'Pablo Gavi',2,7,19);
Insert into STU_AHERN544.GOALS (POSITION,PLAYER_NAME,TEAM_ID,GOALS,PLAYER_ID) values (12,'Marco Reus',7,6,76);
Insert into STU_AHERN544.GOALS (POSITION,PLAYER_NAME,TEAM_ID,GOALS,PLAYER_ID) values (13,'Robert Lewandowski',3,6,33);
Insert into STU_AHERN544.GOALS (POSITION,PLAYER_NAME,TEAM_ID,GOALS,PLAYER_ID) values (14,'Riyad Mahrez',10,6,110);
Insert into STU_AHERN544.GOALS (POSITION,PLAYER_NAME,TEAM_ID,GOALS,PLAYER_ID) values (15,'Sadio Mane',8,6,86);
Insert into STU_AHERN544.GOALS (POSITION,PLAYER_NAME,TEAM_ID,GOALS,PLAYER_ID) values (16,'Dusan Vlahovic',6,6,66);
Insert into STU_AHERN544.GOALS (POSITION,PLAYER_NAME,TEAM_ID,GOALS,PLAYER_ID) values (17,'Ivan Perisic',5,5,53);
Insert into STU_AHERN544.GOALS (POSITION,PLAYER_NAME,TEAM_ID,GOALS,PLAYER_ID) values (18,'Edin Dzeko',5,5,54);
Insert into STU_AHERN544.GOALS (POSITION,PLAYER_NAME,TEAM_ID,GOALS,PLAYER_ID) values (19,'Kevin de Bruyne',10,5,106);
Insert into STU_AHERN544.GOALS (POSITION,PLAYER_NAME,TEAM_ID,GOALS,PLAYER_ID) values (20,'Alvaro Morata',6,5,65);
Insert into STU_AHERN544.GOALS (POSITION,PLAYER_NAME,TEAM_ID,GOALS,PLAYER_ID) values (21,'Kylian Mbappe',4,5,44);
Insert into STU_AHERN544.GOALS (POSITION,PLAYER_NAME,TEAM_ID,GOALS,PLAYER_ID) values (22,'Erling Haaland',7,5,77);
Insert into STU_AHERN544.GOALS (POSITION,PLAYER_NAME,TEAM_ID,GOALS,PLAYER_ID) values (23,'Ferran Torres',2,5,22);
Insert into STU_AHERN544.GOALS (POSITION,PLAYER_NAME,TEAM_ID,GOALS,PLAYER_ID) values (24,'Lautaro Martinez',5,4,55);
Insert into STU_AHERN544.GOALS (POSITION,PLAYER_NAME,TEAM_ID,GOALS,PLAYER_ID) values (25,'Phil Foden',10,4,109);
REM INSERTING into STU_AHERN544.MATCHES
SET DEFINE OFF;
Insert into STU_AHERN544.MATCHES (MATCH_ID,MATCH_DATE,STADIUM_ID,HOME,AWAY,SCORES) values (1,to_date('08-AUG-22','DD-MON-RR'),1,'Real Madrid','Bayern Munich','1-2');
Insert into STU_AHERN544.MATCHES (MATCH_ID,MATCH_DATE,STADIUM_ID,HOME,AWAY,SCORES) values (2,to_date('08-AUG-22','DD-MON-RR'),12,'RB Leipzig','Juventus','1-2');
Insert into STU_AHERN544.MATCHES (MATCH_ID,MATCH_DATE,STADIUM_ID,HOME,AWAY,SCORES) values (3,to_date('08-AUG-22','DD-MON-RR'),4,'Paris Saint Germain','Borussia Dortmund','0-1');
Insert into STU_AHERN544.MATCHES (MATCH_ID,MATCH_DATE,STADIUM_ID,HOME,AWAY,SCORES) values (4,to_date('08-AUG-22','DD-MON-RR'),8,'Liverpool','Barcelona','1-2');
Insert into STU_AHERN544.MATCHES (MATCH_ID,MATCH_DATE,STADIUM_ID,HOME,AWAY,SCORES) values (5,to_date('08-AUG-22','DD-MON-RR'),5,'Inter Milan','Manchester United','0-3');
Insert into STU_AHERN544.MATCHES (MATCH_ID,MATCH_DATE,STADIUM_ID,HOME,AWAY,SCORES) values (6,to_date('08-AUG-22','DD-MON-RR'),10,'Manchester City','Chelsea','1-1');
Insert into STU_AHERN544.MATCHES (MATCH_ID,MATCH_DATE,STADIUM_ID,HOME,AWAY,SCORES) values (7,to_date('11-AUG-22','DD-MON-RR'),10,'Manchester City','Real Madrid','1-2');
Insert into STU_AHERN544.MATCHES (MATCH_ID,MATCH_DATE,STADIUM_ID,HOME,AWAY,SCORES) values (8,to_date('11-AUG-22','DD-MON-RR'),11,'Chelsea','Inter Milan','2-2');
Insert into STU_AHERN544.MATCHES (MATCH_ID,MATCH_DATE,STADIUM_ID,HOME,AWAY,SCORES) values (9,to_date('11-AUG-22','DD-MON-RR'),9,'Manchester United','Liverpool','1-2');
Insert into STU_AHERN544.MATCHES (MATCH_ID,MATCH_DATE,STADIUM_ID,HOME,AWAY,SCORES) values (10,to_date('11-AUG-22','DD-MON-RR'),2,'Barcelona','Paris Saint Germain','0-4');
Insert into STU_AHERN544.MATCHES (MATCH_ID,MATCH_DATE,STADIUM_ID,HOME,AWAY,SCORES) values (11,to_date('11-AUG-22','DD-MON-RR'),6,'Juventus','Bayern Munich','0-2');
Insert into STU_AHERN544.MATCHES (MATCH_ID,MATCH_DATE,STADIUM_ID,HOME,AWAY,SCORES) values (12,to_date('11-AUG-22','DD-MON-RR'),7,'Borussia Dortmund','Juventus','2-0');
Insert into STU_AHERN544.MATCHES (MATCH_ID,MATCH_DATE,STADIUM_ID,HOME,AWAY,SCORES) values (13,to_date('15-AUG-22','DD-MON-RR'),1,'Real Madrid','Juventus','3-1');
Insert into STU_AHERN544.MATCHES (MATCH_ID,MATCH_DATE,STADIUM_ID,HOME,AWAY,SCORES) values (14,to_date('15-AUG-22','DD-MON-RR'),3,'Bayern Munich','Borussia Dortmund','2-3');
Insert into STU_AHERN544.MATCHES (MATCH_ID,MATCH_DATE,STADIUM_ID,HOME,AWAY,SCORES) values (15,to_date('15-AUG-22','DD-MON-RR'),12,'RB Leipzig','Barcelona','1-3');
Insert into STU_AHERN544.MATCHES (MATCH_ID,MATCH_DATE,STADIUM_ID,HOME,AWAY,SCORES) values (16,to_date('15-AUG-22','DD-MON-RR'),4,'Paris Saint Germain','Manchester United','2-1');
Insert into STU_AHERN544.MATCHES (MATCH_ID,MATCH_DATE,STADIUM_ID,HOME,AWAY,SCORES) values (17,to_date('15-AUG-22','DD-MON-RR'),8,'Liverpool','Chelsea','0-0');
Insert into STU_AHERN544.MATCHES (MATCH_ID,MATCH_DATE,STADIUM_ID,HOME,AWAY,SCORES) values (18,to_date('15-AUG-22','DD-MON-RR'),5,'Inter Milan','Manchester City','2-2');
Insert into STU_AHERN544.MATCHES (MATCH_ID,MATCH_DATE,STADIUM_ID,HOME,AWAY,SCORES) values (19,to_date('18-AUG-22','DD-MON-RR'),5,'Inter Milan','Real Madrid','1-2');
Insert into STU_AHERN544.MATCHES (MATCH_ID,MATCH_DATE,STADIUM_ID,HOME,AWAY,SCORES) values (20,to_date('18-AUG-22','DD-MON-RR'),10,'Manchester City','Liverpool','2-3');
Insert into STU_AHERN544.MATCHES (MATCH_ID,MATCH_DATE,STADIUM_ID,HOME,AWAY,SCORES) values (21,to_date('18-AUG-22','DD-MON-RR'),11,'Chelsea','Paris Saint Germain','0-0');
Insert into STU_AHERN544.MATCHES (MATCH_ID,MATCH_DATE,STADIUM_ID,HOME,AWAY,SCORES) values (22,to_date('18-AUG-22','DD-MON-RR'),9,'Manchester United','RB Leipzig','0-1');
Insert into STU_AHERN544.MATCHES (MATCH_ID,MATCH_DATE,STADIUM_ID,HOME,AWAY,SCORES) values (23,to_date('18-AUG-22','DD-MON-RR'),2,'Barcelona','Bayern','3-5');
Insert into STU_AHERN544.MATCHES (MATCH_ID,MATCH_DATE,STADIUM_ID,HOME,AWAY,SCORES) values (24,to_date('18-AUG-22','DD-MON-RR'),7,'Borussia Dortmund','Juventus','3-2');
Insert into STU_AHERN544.MATCHES (MATCH_ID,MATCH_DATE,STADIUM_ID,HOME,AWAY,SCORES) values (25,to_date('22-AUG-22','DD-MON-RR'),1,'Real Madrid','Borussia Dortmund','0-0');
Insert into STU_AHERN544.MATCHES (MATCH_ID,MATCH_DATE,STADIUM_ID,HOME,AWAY,SCORES) values (26,to_date('22-AUG-22','DD-MON-RR'),6,'Juventus','Barcelona','2-0');
Insert into STU_AHERN544.MATCHES (MATCH_ID,MATCH_DATE,STADIUM_ID,HOME,AWAY,SCORES) values (27,to_date('22-AUG-22','DD-MON-RR'),3,'Bayern Munich','Manchester United','0-1');
Insert into STU_AHERN544.MATCHES (MATCH_ID,MATCH_DATE,STADIUM_ID,HOME,AWAY,SCORES) values (28,to_date('22-AUG-22','DD-MON-RR'),12,'RB Leipzig','Chelsea','1-0');
Insert into STU_AHERN544.MATCHES (MATCH_ID,MATCH_DATE,STADIUM_ID,HOME,AWAY,SCORES) values (29,to_date('22-AUG-22','DD-MON-RR'),4,'Paris Saint Germain','Manchester City','1-2');
Insert into STU_AHERN544.MATCHES (MATCH_ID,MATCH_DATE,STADIUM_ID,HOME,AWAY,SCORES) values (30,to_date('22-AUG-22','DD-MON-RR'),8,'Liverpool','Inter Milan','0-1');
Insert into STU_AHERN544.MATCHES (MATCH_ID,MATCH_DATE,STADIUM_ID,HOME,AWAY,SCORES) values (31,to_date('25-AUG-22','DD-MON-RR'),8,'Liverpool','Real Madrid','1-2');
Insert into STU_AHERN544.MATCHES (MATCH_ID,MATCH_DATE,STADIUM_ID,HOME,AWAY,SCORES) values (32,to_date('25-AUG-22','DD-MON-RR'),5,'Inter Milan','Paris Saint Germain','0-0');
Insert into STU_AHERN544.MATCHES (MATCH_ID,MATCH_DATE,STADIUM_ID,HOME,AWAY,SCORES) values (33,to_date('25-AUG-22','DD-MON-RR'),10,'Manchester City','RB Leipzig','2-1');
Insert into STU_AHERN544.MATCHES (MATCH_ID,MATCH_DATE,STADIUM_ID,HOME,AWAY,SCORES) values (34,to_date('25-AUG-22','DD-MON-RR'),11,'Chelsea','Bayern Munich','1-1');
Insert into STU_AHERN544.MATCHES (MATCH_ID,MATCH_DATE,STADIUM_ID,HOME,AWAY,SCORES) values (35,to_date('25-AUG-22','DD-MON-RR'),9,'Manchester United','Juventus','1-1');
Insert into STU_AHERN544.MATCHES (MATCH_ID,MATCH_DATE,STADIUM_ID,HOME,AWAY,SCORES) values (36,to_date('25-AUG-22','DD-MON-RR'),2,'Barcelona','Borussia Dortmund','1-2');
Insert into STU_AHERN544.MATCHES (MATCH_ID,MATCH_DATE,STADIUM_ID,HOME,AWAY,SCORES) values (37,to_date('29-AUG-22','DD-MON-RR'),1,'Real Madrid','Barcelona','1-0');
Insert into STU_AHERN544.MATCHES (MATCH_ID,MATCH_DATE,STADIUM_ID,HOME,AWAY,SCORES) values (38,to_date('29-AUG-22','DD-MON-RR'),7,'Borussia Dortmund','Juventus','3-0');
Insert into STU_AHERN544.MATCHES (MATCH_ID,MATCH_DATE,STADIUM_ID,HOME,AWAY,SCORES) values (39,to_date('29-AUG-22','DD-MON-RR'),6,'Juventus','Chelsea','1-2');
Insert into STU_AHERN544.MATCHES (MATCH_ID,MATCH_DATE,STADIUM_ID,HOME,AWAY,SCORES) values (40,to_date('29-AUG-22','DD-MON-RR'),3,'Bayern Munich','Manchester City','1-3');
Insert into STU_AHERN544.MATCHES (MATCH_ID,MATCH_DATE,STADIUM_ID,HOME,AWAY,SCORES) values (41,to_date('29-AUG-22','DD-MON-RR'),12,'RB Leipzig','Inter Milan','1-0');
Insert into STU_AHERN544.MATCHES (MATCH_ID,MATCH_DATE,STADIUM_ID,HOME,AWAY,SCORES) values (42,to_date('29-AUG-22','DD-MON-RR'),4,'Paris Saint Germain','Liverpool','1-1');
Insert into STU_AHERN544.MATCHES (MATCH_ID,MATCH_DATE,STADIUM_ID,HOME,AWAY,SCORES) values (43,to_date('01-SEP-22','DD-MON-RR'),4,'Paris Saint Germain','Real Madrid','2-0');
Insert into STU_AHERN544.MATCHES (MATCH_ID,MATCH_DATE,STADIUM_ID,HOME,AWAY,SCORES) values (44,to_date('01-SEP-22','DD-MON-RR'),8,'Liverpool','RB Leipzig','0-2');
Insert into STU_AHERN544.MATCHES (MATCH_ID,MATCH_DATE,STADIUM_ID,HOME,AWAY,SCORES) values (45,to_date('01-SEP-22','DD-MON-RR'),5,'Inter Milan','Bayern Munich','0-1');
Insert into STU_AHERN544.MATCHES (MATCH_ID,MATCH_DATE,STADIUM_ID,HOME,AWAY,SCORES) values (46,to_date('01-SEP-22','DD-MON-RR'),10,'Manchester City','Juventus','2-1');
Insert into STU_AHERN544.MATCHES (MATCH_ID,MATCH_DATE,STADIUM_ID,HOME,AWAY,SCORES) values (47,to_date('01-SEP-22','DD-MON-RR'),11,'Chelsea','Borussia Dortmund','1-1');
Insert into STU_AHERN544.MATCHES (MATCH_ID,MATCH_DATE,STADIUM_ID,HOME,AWAY,SCORES) values (48,to_date('01-SEP-22','DD-MON-RR'),9,'Manchester United','Barcelona','2-2');
Insert into STU_AHERN544.MATCHES (MATCH_ID,MATCH_DATE,STADIUM_ID,HOME,AWAY,SCORES) values (49,to_date('05-SEP-22','DD-MON-RR'),1,'Real Madrid','Manchester United','0-2');
Insert into STU_AHERN544.MATCHES (MATCH_ID,MATCH_DATE,STADIUM_ID,HOME,AWAY,SCORES) values (50,to_date('05-SEP-22','DD-MON-RR'),2,'Barcelona','Chelsea','1-1');
Insert into STU_AHERN544.MATCHES (MATCH_ID,MATCH_DATE,STADIUM_ID,HOME,AWAY,SCORES) values (51,to_date('05-SEP-22','DD-MON-RR'),7,'Borussia Dortmund','Manchester City','1-1');
Insert into STU_AHERN544.MATCHES (MATCH_ID,MATCH_DATE,STADIUM_ID,HOME,AWAY,SCORES) values (52,to_date('05-SEP-22','DD-MON-RR'),6,'Juventus','Inter Milan','2-1');
Insert into STU_AHERN544.MATCHES (MATCH_ID,MATCH_DATE,STADIUM_ID,HOME,AWAY,SCORES) values (53,to_date('05-SEP-22','DD-MON-RR'),3,'Bayern Munich','Liverpool','2-2');
Insert into STU_AHERN544.MATCHES (MATCH_ID,MATCH_DATE,STADIUM_ID,HOME,AWAY,SCORES) values (54,to_date('05-SEP-22','DD-MON-RR'),12,'RB Leipzig','Paris Saint Germain','2-1');
Insert into STU_AHERN544.MATCHES (MATCH_ID,MATCH_DATE,STADIUM_ID,HOME,AWAY,SCORES) values (55,to_date('08-SEP-22','DD-MON-RR'),12,'RB Leipzig','Real Madrid','1-1');
Insert into STU_AHERN544.MATCHES (MATCH_ID,MATCH_DATE,STADIUM_ID,HOME,AWAY,SCORES) values (56,to_date('08-SEP-22','DD-MON-RR'),4,'Paris Saint Germain','Bayern Munich','1-1');
Insert into STU_AHERN544.MATCHES (MATCH_ID,MATCH_DATE,STADIUM_ID,HOME,AWAY,SCORES) values (57,to_date('08-SEP-22','DD-MON-RR'),8,'Liverpool','Juventus','0-2');
Insert into STU_AHERN544.MATCHES (MATCH_ID,MATCH_DATE,STADIUM_ID,HOME,AWAY,SCORES) values (58,to_date('08-SEP-22','DD-MON-RR'),5,'Inter Milan','Borussia Dortmund','1-2');
Insert into STU_AHERN544.MATCHES (MATCH_ID,MATCH_DATE,STADIUM_ID,HOME,AWAY,SCORES) values (59,to_date('08-SEP-22','DD-MON-RR'),10,'Manchester City','Barcelona','1-2');
Insert into STU_AHERN544.MATCHES (MATCH_ID,MATCH_DATE,STADIUM_ID,HOME,AWAY,SCORES) values (60,to_date('08-SEP-22','DD-MON-RR'),11,'Chelsea','Manchester United','1-1');
Insert into STU_AHERN544.MATCHES (MATCH_ID,MATCH_DATE,STADIUM_ID,HOME,AWAY,SCORES) values (61,to_date('12-SEP-22','DD-MON-RR'),1,'Real Madrid','Chelsea','2-0');
Insert into STU_AHERN544.MATCHES (MATCH_ID,MATCH_DATE,STADIUM_ID,HOME,AWAY,SCORES) values (62,to_date('12-SEP-22','DD-MON-RR'),9,'Manchester United','Manchester City','3-1');
Insert into STU_AHERN544.MATCHES (MATCH_ID,MATCH_DATE,STADIUM_ID,HOME,AWAY,SCORES) values (63,to_date('12-SEP-22','DD-MON-RR'),2,'Barcelona','Inter Milan','3-1');
Insert into STU_AHERN544.MATCHES (MATCH_ID,MATCH_DATE,STADIUM_ID,HOME,AWAY,SCORES) values (64,to_date('12-SEP-22','DD-MON-RR'),7,'Borussia Dortmund','Liverpool','1-2');
Insert into STU_AHERN544.MATCHES (MATCH_ID,MATCH_DATE,STADIUM_ID,HOME,AWAY,SCORES) values (65,to_date('12-SEP-22','DD-MON-RR'),6,'Juventus','Paris Saint Germain','0-3');
Insert into STU_AHERN544.MATCHES (MATCH_ID,MATCH_DATE,STADIUM_ID,HOME,AWAY,SCORES) values (66,to_date('12-SEP-22','DD-MON-RR'),3,'Bayern Munich','RB Leipzig','0-2');
Insert into STU_AHERN544.MATCHES (MATCH_ID,MATCH_DATE,STADIUM_ID,HOME,AWAY,SCORES) values (67,to_date('15-SEP-22','DD-MON-RR'),1,'Real Madrid','Manchester City','3-1');
Insert into STU_AHERN544.MATCHES (MATCH_ID,MATCH_DATE,STADIUM_ID,HOME,AWAY,SCORES) values (68,to_date('15-SEP-22','DD-MON-RR'),5,'Inter Milan','Chelsea','1-4');
Insert into STU_AHERN544.MATCHES (MATCH_ID,MATCH_DATE,STADIUM_ID,HOME,AWAY,SCORES) values (69,to_date('15-SEP-22','DD-MON-RR'),8,'Liverpool','Manchester United','1-2');
Insert into STU_AHERN544.MATCHES (MATCH_ID,MATCH_DATE,STADIUM_ID,HOME,AWAY,SCORES) values (70,to_date('15-SEP-22','DD-MON-RR'),4,'Paris Saint Germain','Barcelona','2-3');
Insert into STU_AHERN544.MATCHES (MATCH_ID,MATCH_DATE,STADIUM_ID,HOME,AWAY,SCORES) values (71,to_date('15-SEP-22','DD-MON-RR'),12,'RB Leipzig','Borussia Dortmund','1-1');
Insert into STU_AHERN544.MATCHES (MATCH_ID,MATCH_DATE,STADIUM_ID,HOME,AWAY,SCORES) values (72,to_date('15-SEP-22','DD-MON-RR'),3,'Bayern Munich','Juventus','1-2');
Insert into STU_AHERN544.MATCHES (MATCH_ID,MATCH_DATE,STADIUM_ID,HOME,AWAY,SCORES) values (73,to_date('19-SEP-22','DD-MON-RR'),3,'Bayern Munich','Real Madrid','0-2');
Insert into STU_AHERN544.MATCHES (MATCH_ID,MATCH_DATE,STADIUM_ID,HOME,AWAY,SCORES) values (74,to_date('19-SEP-22','DD-MON-RR'),6,'Juventus','RB Leipzig','2-3');
Insert into STU_AHERN544.MATCHES (MATCH_ID,MATCH_DATE,STADIUM_ID,HOME,AWAY,SCORES) values (75,to_date('19-SEP-22','DD-MON-RR'),7,'Borussia Dortmund','Paris Saint Germain','1-2');
Insert into STU_AHERN544.MATCHES (MATCH_ID,MATCH_DATE,STADIUM_ID,HOME,AWAY,SCORES) values (76,to_date('19-SEP-22','DD-MON-RR'),2,'Barcelona','Liverpool','2-2');
Insert into STU_AHERN544.MATCHES (MATCH_ID,MATCH_DATE,STADIUM_ID,HOME,AWAY,SCORES) values (77,to_date('19-SEP-22','DD-MON-RR'),9,'Manchester United','Inter Milan','2-2');
Insert into STU_AHERN544.MATCHES (MATCH_ID,MATCH_DATE,STADIUM_ID,HOME,AWAY,SCORES) values (78,to_date('19-SEP-22','DD-MON-RR'),11,'Chelsea','Manchester City','1-3');
Insert into STU_AHERN544.MATCHES (MATCH_ID,MATCH_DATE,STADIUM_ID,HOME,AWAY,SCORES) values (79,to_date('22-SEP-22','DD-MON-RR'),11,'Chelsea','Real Madrid','1-2');
Insert into STU_AHERN544.MATCHES (MATCH_ID,MATCH_DATE,STADIUM_ID,HOME,AWAY,SCORES) values (80,to_date('22-SEP-22','DD-MON-RR'),10,'Manchester City','Manchester United','1-2');
Insert into STU_AHERN544.MATCHES (MATCH_ID,MATCH_DATE,STADIUM_ID,HOME,AWAY,SCORES) values (81,to_date('22-SEP-22','DD-MON-RR'),5,'Inter Milan','Barcelona','2-2');
Insert into STU_AHERN544.MATCHES (MATCH_ID,MATCH_DATE,STADIUM_ID,HOME,AWAY,SCORES) values (82,to_date('22-SEP-22','DD-MON-RR'),8,'Liverpool','Borussia Dortmund','0-1');
Insert into STU_AHERN544.MATCHES (MATCH_ID,MATCH_DATE,STADIUM_ID,HOME,AWAY,SCORES) values (83,to_date('22-SEP-22','DD-MON-RR'),4,'Paris Saint Germain','Juventus','1-1');
Insert into STU_AHERN544.MATCHES (MATCH_ID,MATCH_DATE,STADIUM_ID,HOME,AWAY,SCORES) values (84,to_date('22-SEP-22','DD-MON-RR'),12,'RB Leipzig','Bayern Munich','1-3');
Insert into STU_AHERN544.MATCHES (MATCH_ID,MATCH_DATE,STADIUM_ID,HOME,AWAY,SCORES) values (85,to_date('26-SEP-22','DD-MON-RR'),1,'Real Madrid','RB Leipzig','0-3');
Insert into STU_AHERN544.MATCHES (MATCH_ID,MATCH_DATE,STADIUM_ID,HOME,AWAY,SCORES) values (86,to_date('26-SEP-22','DD-MON-RR'),3,'Bayern Munich','Paris Saint Germain','1-0');
Insert into STU_AHERN544.MATCHES (MATCH_ID,MATCH_DATE,STADIUM_ID,HOME,AWAY,SCORES) values (87,to_date('26-SEP-22','DD-MON-RR'),6,'Juventus','Liverpool','1-1');
Insert into STU_AHERN544.MATCHES (MATCH_ID,MATCH_DATE,STADIUM_ID,HOME,AWAY,SCORES) values (88,to_date('26-SEP-22','DD-MON-RR'),7,'Borussia Dortmund','Inter Milan','2-1');
Insert into STU_AHERN544.MATCHES (MATCH_ID,MATCH_DATE,STADIUM_ID,HOME,AWAY,SCORES) values (89,to_date('26-SEP-22','DD-MON-RR'),2,'Barcelona','Manchester City','1-0');
Insert into STU_AHERN544.MATCHES (MATCH_ID,MATCH_DATE,STADIUM_ID,HOME,AWAY,SCORES) values (90,to_date('26-SEP-22','DD-MON-RR'),9,'Manchester United','Chelsea','2-2');
Insert into STU_AHERN544.MATCHES (MATCH_ID,MATCH_DATE,STADIUM_ID,HOME,AWAY,SCORES) values (91,to_date('29-SEP-22','DD-MON-RR'),9,'Manchester United','Real Madrid','1-1');
Insert into STU_AHERN544.MATCHES (MATCH_ID,MATCH_DATE,STADIUM_ID,HOME,AWAY,SCORES) values (92,to_date('29-SEP-22','DD-MON-RR'),11,'Chelsea','Barcelona','0-3');
Insert into STU_AHERN544.MATCHES (MATCH_ID,MATCH_DATE,STADIUM_ID,HOME,AWAY,SCORES) values (93,to_date('29-SEP-22','DD-MON-RR'),10,'Manchester City','Borussia Dortmund','1-2');
Insert into STU_AHERN544.MATCHES (MATCH_ID,MATCH_DATE,STADIUM_ID,HOME,AWAY,SCORES) values (94,to_date('29-SEP-22','DD-MON-RR'),5,'Inter Milan','Juventus','2-1');
Insert into STU_AHERN544.MATCHES (MATCH_ID,MATCH_DATE,STADIUM_ID,HOME,AWAY,SCORES) values (95,to_date('29-SEP-22','DD-MON-RR'),8,'Liverpool','Bayern Munich','1-3');
Insert into STU_AHERN544.MATCHES (MATCH_ID,MATCH_DATE,STADIUM_ID,HOME,AWAY,SCORES) values (96,to_date('29-SEP-22','DD-MON-RR'),4,'Paris Saint Germain','RB Leipzig','1-2');
Insert into STU_AHERN544.MATCHES (MATCH_ID,MATCH_DATE,STADIUM_ID,HOME,AWAY,SCORES) values (97,to_date('03-OCT-22','DD-MON-RR'),1,'Real Madrid','Paris Saint Germain','2-4');
Insert into STU_AHERN544.MATCHES (MATCH_ID,MATCH_DATE,STADIUM_ID,HOME,AWAY,SCORES) values (98,to_date('03-OCT-22','DD-MON-RR'),12,'RB Leipzig','Liverpool','1-1');
Insert into STU_AHERN544.MATCHES (MATCH_ID,MATCH_DATE,STADIUM_ID,HOME,AWAY,SCORES) values (99,to_date('03-OCT-22','DD-MON-RR'),3,'Bayern Munich','Inter Milan','0-0');
Insert into STU_AHERN544.MATCHES (MATCH_ID,MATCH_DATE,STADIUM_ID,HOME,AWAY,SCORES) values (100,to_date('03-OCT-22','DD-MON-RR'),6,'Juventus','Manchester City','2-1');
Insert into STU_AHERN544.MATCHES (MATCH_ID,MATCH_DATE,STADIUM_ID,HOME,AWAY,SCORES) values (101,to_date('03-OCT-22','DD-MON-RR'),7,'Borussia Dortmund','Chelsea','2-3');
Insert into STU_AHERN544.MATCHES (MATCH_ID,MATCH_DATE,STADIUM_ID,HOME,AWAY,SCORES) values (102,to_date('03-OCT-22','DD-MON-RR'),2,'Barcelona','Manchester United','2-0');
Insert into STU_AHERN544.MATCHES (MATCH_ID,MATCH_DATE,STADIUM_ID,HOME,AWAY,SCORES) values (103,to_date('06-OCT-22','DD-MON-RR'),2,'Barcelona','Real Madrid','2-2');
Insert into STU_AHERN544.MATCHES (MATCH_ID,MATCH_DATE,STADIUM_ID,HOME,AWAY,SCORES) values (104,to_date('06-OCT-22','DD-MON-RR'),9,'Manchester United','Borussia Dortmund','2-0');
Insert into STU_AHERN544.MATCHES (MATCH_ID,MATCH_DATE,STADIUM_ID,HOME,AWAY,SCORES) values (105,to_date('06-OCT-22','DD-MON-RR'),11,'Chelsea','Juventus','1-1');
Insert into STU_AHERN544.MATCHES (MATCH_ID,MATCH_DATE,STADIUM_ID,HOME,AWAY,SCORES) values (106,to_date('06-OCT-22','DD-MON-RR'),10,'Manchester City','Bayern Munich','1-1');
Insert into STU_AHERN544.MATCHES (MATCH_ID,MATCH_DATE,STADIUM_ID,HOME,AWAY,SCORES) values (107,to_date('06-OCT-22','DD-MON-RR'),5,'Inter Milan','RB Leipzig','1-0');
Insert into STU_AHERN544.MATCHES (MATCH_ID,MATCH_DATE,STADIUM_ID,HOME,AWAY,SCORES) values (108,to_date('06-OCT-22','DD-MON-RR'),8,'Liverpool','Paris Saint Germain','0-0');
Insert into STU_AHERN544.MATCHES (MATCH_ID,MATCH_DATE,STADIUM_ID,HOME,AWAY,SCORES) values (109,to_date('10-OCT-22','DD-MON-RR'),1,'Real Madrid','Liverpool','1-3');
Insert into STU_AHERN544.MATCHES (MATCH_ID,MATCH_DATE,STADIUM_ID,HOME,AWAY,SCORES) values (110,to_date('10-OCT-22','DD-MON-RR'),4,'Paris Saint Germain','Inter Milan','2-1');
Insert into STU_AHERN544.MATCHES (MATCH_ID,MATCH_DATE,STADIUM_ID,HOME,AWAY,SCORES) values (111,to_date('10-OCT-22','DD-MON-RR'),12,'RB Leipzig','Manchester City','3-3');
Insert into STU_AHERN544.MATCHES (MATCH_ID,MATCH_DATE,STADIUM_ID,HOME,AWAY,SCORES) values (112,to_date('10-OCT-22','DD-MON-RR'),3,'Bayern Munich','Chelsea','0-2');
Insert into STU_AHERN544.MATCHES (MATCH_ID,MATCH_DATE,STADIUM_ID,HOME,AWAY,SCORES) values (113,to_date('10-OCT-22','DD-MON-RR'),6,'Juventus','Manchester United','1-1');
Insert into STU_AHERN544.MATCHES (MATCH_ID,MATCH_DATE,STADIUM_ID,HOME,AWAY,SCORES) values (114,to_date('10-OCT-22','DD-MON-RR'),7,'Borussia Dortmund','Barcelona','1-2');
Insert into STU_AHERN544.MATCHES (MATCH_ID,MATCH_DATE,STADIUM_ID,HOME,AWAY,SCORES) values (115,to_date('13-OCT-22','DD-MON-RR'),7,'Borussia Dortmund','Real Madrid','2-2');
Insert into STU_AHERN544.MATCHES (MATCH_ID,MATCH_DATE,STADIUM_ID,HOME,AWAY,SCORES) values (116,to_date('13-OCT-22','DD-MON-RR'),2,'Barcelona','Juventus','0-3');
Insert into STU_AHERN544.MATCHES (MATCH_ID,MATCH_DATE,STADIUM_ID,HOME,AWAY,SCORES) values (117,to_date('13-OCT-22','DD-MON-RR'),9,'Manchester United','Bayern Munich','2-4');
Insert into STU_AHERN544.MATCHES (MATCH_ID,MATCH_DATE,STADIUM_ID,HOME,AWAY,SCORES) values (118,to_date('13-OCT-22','DD-MON-RR'),11,'Chelsea','RB Leipzig','1-0');
Insert into STU_AHERN544.MATCHES (MATCH_ID,MATCH_DATE,STADIUM_ID,HOME,AWAY,SCORES) values (119,to_date('13-OCT-22','DD-MON-RR'),10,'Manchester City','Paris Saint Germain','1-1');
Insert into STU_AHERN544.MATCHES (MATCH_ID,MATCH_DATE,STADIUM_ID,HOME,AWAY,SCORES) values (120,to_date('13-OCT-22','DD-MON-RR'),5,'Inter Milan','Liverpool','0-2');
Insert into STU_AHERN544.MATCHES (MATCH_ID,MATCH_DATE,STADIUM_ID,HOME,AWAY,SCORES) values (121,to_date('17-OCT-22','DD-MON-RR'),1,'Real Madrid','Inter Milan','2-0');
Insert into STU_AHERN544.MATCHES (MATCH_ID,MATCH_DATE,STADIUM_ID,HOME,AWAY,SCORES) values (122,to_date('17-OCT-22','DD-MON-RR'),8,'Liverpool','Manchester City','1-1');
Insert into STU_AHERN544.MATCHES (MATCH_ID,MATCH_DATE,STADIUM_ID,HOME,AWAY,SCORES) values (123,to_date('17-OCT-22','DD-MON-RR'),4,'Paris Saint Germain','Chelsea','1-1');
Insert into STU_AHERN544.MATCHES (MATCH_ID,MATCH_DATE,STADIUM_ID,HOME,AWAY,SCORES) values (124,to_date('17-OCT-22','DD-MON-RR'),12,'RB Leipzig','Manchester United','1-2');
Insert into STU_AHERN544.MATCHES (MATCH_ID,MATCH_DATE,STADIUM_ID,HOME,AWAY,SCORES) values (125,to_date('17-OCT-22','DD-MON-RR'),3,'Bayern Munich','Barcelona','1-0');
Insert into STU_AHERN544.MATCHES (MATCH_ID,MATCH_DATE,STADIUM_ID,HOME,AWAY,SCORES) values (126,to_date('17-OCT-22','DD-MON-RR'),6,'Juventus','Borussia Dortmund','1-2');
Insert into STU_AHERN544.MATCHES (MATCH_ID,MATCH_DATE,STADIUM_ID,HOME,AWAY,SCORES) values (127,to_date('20-OCT-22','DD-MON-RR'),6,'Juventus','Real Madrid','3-1');
Insert into STU_AHERN544.MATCHES (MATCH_ID,MATCH_DATE,STADIUM_ID,HOME,AWAY,SCORES) values (128,to_date('20-OCT-22','DD-MON-RR'),7,'Borussia Dortmund','Bayern Munich','0-1');
Insert into STU_AHERN544.MATCHES (MATCH_ID,MATCH_DATE,STADIUM_ID,HOME,AWAY,SCORES) values (129,to_date('20-OCT-22','DD-MON-RR'),2,'Barcelona','RB Leipzig','1-1');
Insert into STU_AHERN544.MATCHES (MATCH_ID,MATCH_DATE,STADIUM_ID,HOME,AWAY,SCORES) values (130,to_date('20-OCT-22','DD-MON-RR'),9,'Manchester United','Paris Saint Germain','1-3');
Insert into STU_AHERN544.MATCHES (MATCH_ID,MATCH_DATE,STADIUM_ID,HOME,AWAY,SCORES) values (131,to_date('20-OCT-22','DD-MON-RR'),11,'Chelsea','Liverpool','2-3');
Insert into STU_AHERN544.MATCHES (MATCH_ID,MATCH_DATE,STADIUM_ID,HOME,AWAY,SCORES) values (132,to_date('20-OCT-22','DD-MON-RR'),10,'Manchester City','Inter Milan','0-1');
REM INSERTING into STU_AHERN544.PLAYERS
SET DEFINE OFF;
Insert into STU_AHERN544.PLAYERS (PLAYER_ID,FIRSTNAME,LASTNAME,PLAYER_POSITION,COUNTRY,AGE,TEAM_ID) values (1,'Thibaut','Courtois','GOALKEEPER','Belgium',30,1);
Insert into STU_AHERN544.PLAYERS (PLAYER_ID,FIRSTNAME,LASTNAME,PLAYER_POSITION,COUNTRY,AGE,TEAM_ID) values (2,'Daniel','Carvajal','DEFENDER','Spain',30,1);
Insert into STU_AHERN544.PLAYERS (PLAYER_ID,FIRSTNAME,LASTNAME,PLAYER_POSITION,COUNTRY,AGE,TEAM_ID) values (3,'Eder','Militao','DEFENDER','Brazil',24,1);
Insert into STU_AHERN544.PLAYERS (PLAYER_ID,FIRSTNAME,LASTNAME,PLAYER_POSITION,COUNTRY,AGE,TEAM_ID) values (4,'David','Alaba','DEFENDER','Austria',30,1);
Insert into STU_AHERN544.PLAYERS (PLAYER_ID,FIRSTNAME,LASTNAME,PLAYER_POSITION,COUNTRY,AGE,TEAM_ID) values (5,'Ferland','Mendy','DEFENDER','France',27,1);
Insert into STU_AHERN544.PLAYERS (PLAYER_ID,FIRSTNAME,LASTNAME,PLAYER_POSITION,COUNTRY,AGE,TEAM_ID) values (6,'Carlos','Casimiro','MIDFIELDER','Brazil',30,1);
Insert into STU_AHERN544.PLAYERS (PLAYER_ID,FIRSTNAME,LASTNAME,PLAYER_POSITION,COUNTRY,AGE,TEAM_ID) values (7,'Luka','Modric','MIDFIELDER','Croatia',36,1);
Insert into STU_AHERN544.PLAYERS (PLAYER_ID,FIRSTNAME,LASTNAME,PLAYER_POSITION,COUNTRY,AGE,TEAM_ID) values (8,'Toni','Kroos','MIDFIELDER','Germany',32,1);
Insert into STU_AHERN544.PLAYERS (PLAYER_ID,FIRSTNAME,LASTNAME,PLAYER_POSITION,COUNTRY,AGE,TEAM_ID) values (9,'Federico','Valverde','MIDFIELDER','Uruguay',24,1);
Insert into STU_AHERN544.PLAYERS (PLAYER_ID,FIRSTNAME,LASTNAME,PLAYER_POSITION,COUNTRY,AGE,TEAM_ID) values (10,'Vinicius','Junior','FORWARD','Brazil',22,1);
Insert into STU_AHERN544.PLAYERS (PLAYER_ID,FIRSTNAME,LASTNAME,PLAYER_POSITION,COUNTRY,AGE,TEAM_ID) values (11,'Karim','Benzema','FORWARD','France',34,1);
Insert into STU_AHERN544.PLAYERS (PLAYER_ID,FIRSTNAME,LASTNAME,PLAYER_POSITION,COUNTRY,AGE,TEAM_ID) values (12,'Marc-Andre','ter Stegen','GOALKEEPER','Germany',30,2);
Insert into STU_AHERN544.PLAYERS (PLAYER_ID,FIRSTNAME,LASTNAME,PLAYER_POSITION,COUNTRY,AGE,TEAM_ID) values (13,'Jordi','Alba','DEFENDER','Spain',33,2);
Insert into STU_AHERN544.PLAYERS (PLAYER_ID,FIRSTNAME,LASTNAME,PLAYER_POSITION,COUNTRY,AGE,TEAM_ID) values (14,'Gerard','Pique','DEFENDER','Spain',35,2);
Insert into STU_AHERN544.PLAYERS (PLAYER_ID,FIRSTNAME,LASTNAME,PLAYER_POSITION,COUNTRY,AGE,TEAM_ID) values (15,'Ronald','Araujo','DEFENDER','Uruguay',23,2);
Insert into STU_AHERN544.PLAYERS (PLAYER_ID,FIRSTNAME,LASTNAME,PLAYER_POSITION,COUNTRY,AGE,TEAM_ID) values (16,'Daniel','Alves','DEFENDER','Brazil',39,2);
Insert into STU_AHERN544.PLAYERS (PLAYER_ID,FIRSTNAME,LASTNAME,PLAYER_POSITION,COUNTRY,AGE,TEAM_ID) values (17,'Frenkie','de Jong','MIDFIELDER','Netherlands',25,2);
Insert into STU_AHERN544.PLAYERS (PLAYER_ID,FIRSTNAME,LASTNAME,PLAYER_POSITION,COUNTRY,AGE,TEAM_ID) values (18,'Pedro','Gonzalez','MIDFIELDER','Spain',20,2);
Insert into STU_AHERN544.PLAYERS (PLAYER_ID,FIRSTNAME,LASTNAME,PLAYER_POSITION,COUNTRY,AGE,TEAM_ID) values (19,'Pablo','Gavi','MIDFIELDER','Spain',18,2);
Insert into STU_AHERN544.PLAYERS (PLAYER_ID,FIRSTNAME,LASTNAME,PLAYER_POSITION,COUNTRY,AGE,TEAM_ID) values (20,'Memphis','Depay','FORWARD','Netherlands',28,2);
Insert into STU_AHERN544.PLAYERS (PLAYER_ID,FIRSTNAME,LASTNAME,PLAYER_POSITION,COUNTRY,AGE,TEAM_ID) values (21,'Pierre-Emerick','Aubameyang','FORWARD','Gabon',33,2);
Insert into STU_AHERN544.PLAYERS (PLAYER_ID,FIRSTNAME,LASTNAME,PLAYER_POSITION,COUNTRY,AGE,TEAM_ID) values (22,'Ferran','Torres','FORWARD','Spain',22,2);
Insert into STU_AHERN544.PLAYERS (PLAYER_ID,FIRSTNAME,LASTNAME,PLAYER_POSITION,COUNTRY,AGE,TEAM_ID) values (23,'Manuel','Neuer','GOALKEEPER','Germany',36,3);
Insert into STU_AHERN544.PLAYERS (PLAYER_ID,FIRSTNAME,LASTNAME,PLAYER_POSITION,COUNTRY,AGE,TEAM_ID) values (24,'Benjamin','Pavard','DEFENDER','France',26,3);
Insert into STU_AHERN544.PLAYERS (PLAYER_ID,FIRSTNAME,LASTNAME,PLAYER_POSITION,COUNTRY,AGE,TEAM_ID) values (25,'Niklas','Sule','DEFENDER','Germany',26,3);
Insert into STU_AHERN544.PLAYERS (PLAYER_ID,FIRSTNAME,LASTNAME,PLAYER_POSITION,COUNTRY,AGE,TEAM_ID) values (26,'Lucas','Hernandez','DEFENDER','France',26,3);
Insert into STU_AHERN544.PLAYERS (PLAYER_ID,FIRSTNAME,LASTNAME,PLAYER_POSITION,COUNTRY,AGE,TEAM_ID) values (27,'Alphonso','Davies','DEFENDER','Canada',21,3);
Insert into STU_AHERN544.PLAYERS (PLAYER_ID,FIRSTNAME,LASTNAME,PLAYER_POSITION,COUNTRY,AGE,TEAM_ID) values (28,'Joshua','Kimmich','MIDFIELDER','Germany',27,3);
Insert into STU_AHERN544.PLAYERS (PLAYER_ID,FIRSTNAME,LASTNAME,PLAYER_POSITION,COUNTRY,AGE,TEAM_ID) values (29,'Leon','Goretzka','MIDFIELDER','Germany',27,3);
Insert into STU_AHERN544.PLAYERS (PLAYER_ID,FIRSTNAME,LASTNAME,PLAYER_POSITION,COUNTRY,AGE,TEAM_ID) values (30,'Thomas','Muller','MIDFIELDER','Germany',32,3);
Insert into STU_AHERN544.PLAYERS (PLAYER_ID,FIRSTNAME,LASTNAME,PLAYER_POSITION,COUNTRY,AGE,TEAM_ID) values (31,'Serge','Gnabry','FORWARD','Germany',27,3);
Insert into STU_AHERN544.PLAYERS (PLAYER_ID,FIRSTNAME,LASTNAME,PLAYER_POSITION,COUNTRY,AGE,TEAM_ID) values (32,'Kingsley','Coman','FORWARD','France',26,3);
Insert into STU_AHERN544.PLAYERS (PLAYER_ID,FIRSTNAME,LASTNAME,PLAYER_POSITION,COUNTRY,AGE,TEAM_ID) values (33,'Robert','Lewandowski','FORWARD','Poland',33,3);
Insert into STU_AHERN544.PLAYERS (PLAYER_ID,FIRSTNAME,LASTNAME,PLAYER_POSITION,COUNTRY,AGE,TEAM_ID) values (34,'Gianluigi','Donnarumma','GOALKEEPER','Italy',23,4);
Insert into STU_AHERN544.PLAYERS (PLAYER_ID,FIRSTNAME,LASTNAME,PLAYER_POSITION,COUNTRY,AGE,TEAM_ID) values (35,'Achraf','Hakimi','DEFENDER','Morocco',23,4);
Insert into STU_AHERN544.PLAYERS (PLAYER_ID,FIRSTNAME,LASTNAME,PLAYER_POSITION,COUNTRY,AGE,TEAM_ID) values (36,'Marcos','Correa','DEFENDER','Brazil',28,4);
Insert into STU_AHERN544.PLAYERS (PLAYER_ID,FIRSTNAME,LASTNAME,PLAYER_POSITION,COUNTRY,AGE,TEAM_ID) values (37,'Presnel','Kimpembe','DEFENDER','France',27,4);
Insert into STU_AHERN544.PLAYERS (PLAYER_ID,FIRSTNAME,LASTNAME,PLAYER_POSITION,COUNTRY,AGE,TEAM_ID) values (38,'Nuno','Mendes','DEFENDER','Portugal',20,4);
Insert into STU_AHERN544.PLAYERS (PLAYER_ID,FIRSTNAME,LASTNAME,PLAYER_POSITION,COUNTRY,AGE,TEAM_ID) values (39,'Danilo','Pereira','MIDFIELDER','Portugal',30,4);
Insert into STU_AHERN544.PLAYERS (PLAYER_ID,FIRSTNAME,LASTNAME,PLAYER_POSITION,COUNTRY,AGE,TEAM_ID) values (40,'Marco','Verratti','MIDFIELDER','Italy',29,4);
Insert into STU_AHERN544.PLAYERS (PLAYER_ID,FIRSTNAME,LASTNAME,PLAYER_POSITION,COUNTRY,AGE,TEAM_ID) values (41,'Idrissa','Gueye','MIDFIELDER','Senegal',32,4);
Insert into STU_AHERN544.PLAYERS (PLAYER_ID,FIRSTNAME,LASTNAME,PLAYER_POSITION,COUNTRY,AGE,TEAM_ID) values (42,'Lionel','Messi','FORWARD','Argentina',35,4);
Insert into STU_AHERN544.PLAYERS (PLAYER_ID,FIRSTNAME,LASTNAME,PLAYER_POSITION,COUNTRY,AGE,TEAM_ID) values (43,'Neymar','Jr','FORWARD','Brazil',30,4);
Insert into STU_AHERN544.PLAYERS (PLAYER_ID,FIRSTNAME,LASTNAME,PLAYER_POSITION,COUNTRY,AGE,TEAM_ID) values (44,'Kylian','Mbappe','FORWARD','France',23,4);
Insert into STU_AHERN544.PLAYERS (PLAYER_ID,FIRSTNAME,LASTNAME,PLAYER_POSITION,COUNTRY,AGE,TEAM_ID) values (45,'Samir','Handanovic','GOALKEEPER','Slovenia',38,5);
Insert into STU_AHERN544.PLAYERS (PLAYER_ID,FIRSTNAME,LASTNAME,PLAYER_POSITION,COUNTRY,AGE,TEAM_ID) values (46,'Milan','Skriniar','DEFENDER','Slovakia',27,5);
Insert into STU_AHERN544.PLAYERS (PLAYER_ID,FIRSTNAME,LASTNAME,PLAYER_POSITION,COUNTRY,AGE,TEAM_ID) values (47,'Stefan','de Vrij','DEFENDER','Netherlands',30,5);
Insert into STU_AHERN544.PLAYERS (PLAYER_ID,FIRSTNAME,LASTNAME,PLAYER_POSITION,COUNTRY,AGE,TEAM_ID) values (48,'Alessandro','Bastoni','DEFENDER','Italy',23,5);
Insert into STU_AHERN544.PLAYERS (PLAYER_ID,FIRSTNAME,LASTNAME,PLAYER_POSITION,COUNTRY,AGE,TEAM_ID) values (49,'Marcelo','Brozovic','MIDFIELDER','Croatia',29,5);
Insert into STU_AHERN544.PLAYERS (PLAYER_ID,FIRSTNAME,LASTNAME,PLAYER_POSITION,COUNTRY,AGE,TEAM_ID) values (50,'Denzel','Dumfries','MIDFIELDER','Netherlands',26,5);
Insert into STU_AHERN544.PLAYERS (PLAYER_ID,FIRSTNAME,LASTNAME,PLAYER_POSITION,COUNTRY,AGE,TEAM_ID) values (51,'Nicolo','Barella','MIDFIELDER','Italy',25,5);
Insert into STU_AHERN544.PLAYERS (PLAYER_ID,FIRSTNAME,LASTNAME,PLAYER_POSITION,COUNTRY,AGE,TEAM_ID) values (52,'Hakan','Calhanoglu','MIDFIELDER','Turkey',28,5);
Insert into STU_AHERN544.PLAYERS (PLAYER_ID,FIRSTNAME,LASTNAME,PLAYER_POSITION,COUNTRY,AGE,TEAM_ID) values (53,'Ivan','Perisic','MIDFIELDER','Croatia',33,5);
Insert into STU_AHERN544.PLAYERS (PLAYER_ID,FIRSTNAME,LASTNAME,PLAYER_POSITION,COUNTRY,AGE,TEAM_ID) values (54,'Edin','Dzeko','FORWARD','Bosnia-Herzegovina',36,5);
Insert into STU_AHERN544.PLAYERS (PLAYER_ID,FIRSTNAME,LASTNAME,PLAYER_POSITION,COUNTRY,AGE,TEAM_ID) values (55,'Lautaro','Martinez','FORWARD','Argentina',24,5);
Insert into STU_AHERN544.PLAYERS (PLAYER_ID,FIRSTNAME,LASTNAME,PLAYER_POSITION,COUNTRY,AGE,TEAM_ID) values (56,'Wojciech','Szczesny','GOALKEEPER','Poland',32,6);
Insert into STU_AHERN544.PLAYERS (PLAYER_ID,FIRSTNAME,LASTNAME,PLAYER_POSITION,COUNTRY,AGE,TEAM_ID) values (57,'Matthijs','de Ligt','DEFENDER','Netherlands',23,6);
Insert into STU_AHERN544.PLAYERS (PLAYER_ID,FIRSTNAME,LASTNAME,PLAYER_POSITION,COUNTRY,AGE,TEAM_ID) values (58,'Leonardo','Bonucci','DEFENDER','Italy',35,6);
Insert into STU_AHERN544.PLAYERS (PLAYER_ID,FIRSTNAME,LASTNAME,PLAYER_POSITION,COUNTRY,AGE,TEAM_ID) values (59,'Alex','Sandro','DEFENDER','Brazil',31,6);
Insert into STU_AHERN544.PLAYERS (PLAYER_ID,FIRSTNAME,LASTNAME,PLAYER_POSITION,COUNTRY,AGE,TEAM_ID) values (60,'Juan','Cuadrado','DEFENDER','Colombia',34,6);
Insert into STU_AHERN544.PLAYERS (PLAYER_ID,FIRSTNAME,LASTNAME,PLAYER_POSITION,COUNTRY,AGE,TEAM_ID) values (61,'Manuel','Locatelli','MIDFIELDER','Italy',24,6);
Insert into STU_AHERN544.PLAYERS (PLAYER_ID,FIRSTNAME,LASTNAME,PLAYER_POSITION,COUNTRY,AGE,TEAM_ID) values (62,'Adrien','Rabiot','MIDFIELDER','France',27,6);
Insert into STU_AHERN544.PLAYERS (PLAYER_ID,FIRSTNAME,LASTNAME,PLAYER_POSITION,COUNTRY,AGE,TEAM_ID) values (63,'Federico','Bernardeschi','MIDFIELDER','Italy',28,6);
Insert into STU_AHERN544.PLAYERS (PLAYER_ID,FIRSTNAME,LASTNAME,PLAYER_POSITION,COUNTRY,AGE,TEAM_ID) values (64,'Paulo','Dybala','MIDFIELDER','Argentina',28,6);
Insert into STU_AHERN544.PLAYERS (PLAYER_ID,FIRSTNAME,LASTNAME,PLAYER_POSITION,COUNTRY,AGE,TEAM_ID) values (65,'Alvaro','Morata','FORWARD','Spain',29,6);
Insert into STU_AHERN544.PLAYERS (PLAYER_ID,FIRSTNAME,LASTNAME,PLAYER_POSITION,COUNTRY,AGE,TEAM_ID) values (66,'Dusan','Vlahovic','FORWARD','Serbia',22,6);
Insert into STU_AHERN544.PLAYERS (PLAYER_ID,FIRSTNAME,LASTNAME,PLAYER_POSITION,COUNTRY,AGE,TEAM_ID) values (67,'Roman','Burki','GOALKEEPER','Switzerland',31,7);
Insert into STU_AHERN544.PLAYERS (PLAYER_ID,FIRSTNAME,LASTNAME,PLAYER_POSITION,COUNTRY,AGE,TEAM_ID) values (68,'Rafael','Guerreiro','DEFENDER','Portugal',28,7);
Insert into STU_AHERN544.PLAYERS (PLAYER_ID,FIRSTNAME,LASTNAME,PLAYER_POSITION,COUNTRY,AGE,TEAM_ID) values (69,'Mats','Hummels','DEFENDER','Germany',33,7);
Insert into STU_AHERN544.PLAYERS (PLAYER_ID,FIRSTNAME,LASTNAME,PLAYER_POSITION,COUNTRY,AGE,TEAM_ID) values (70,'Manuel','Akanji','DEFENDER','Switzerland',27,7);
Insert into STU_AHERN544.PLAYERS (PLAYER_ID,FIRSTNAME,LASTNAME,PLAYER_POSITION,COUNTRY,AGE,TEAM_ID) values (71,'Thomas','Meunier','DEFENDER','Belgium',30,7);
Insert into STU_AHERN544.PLAYERS (PLAYER_ID,FIRSTNAME,LASTNAME,PLAYER_POSITION,COUNTRY,AGE,TEAM_ID) values (72,'Mahmoud','Dahoud','MIDFIELDER','Germany',26,7);
Insert into STU_AHERN544.PLAYERS (PLAYER_ID,FIRSTNAME,LASTNAME,PLAYER_POSITION,COUNTRY,AGE,TEAM_ID) values (73,'Jude','Bellingham','MIDFIELDER','England',19,7);
Insert into STU_AHERN544.PLAYERS (PLAYER_ID,FIRSTNAME,LASTNAME,PLAYER_POSITION,COUNTRY,AGE,TEAM_ID) values (74,'Julian','Brandt','MIDFIELDER','Germany',26,7);
Insert into STU_AHERN544.PLAYERS (PLAYER_ID,FIRSTNAME,LASTNAME,PLAYER_POSITION,COUNTRY,AGE,TEAM_ID) values (75,'Thorgan','Hazard','MIDFIELDER','Belgium',29,7);
Insert into STU_AHERN544.PLAYERS (PLAYER_ID,FIRSTNAME,LASTNAME,PLAYER_POSITION,COUNTRY,AGE,TEAM_ID) values (76,'Marco','Reus','MIDFIELDER','Germany',33,7);
Insert into STU_AHERN544.PLAYERS (PLAYER_ID,FIRSTNAME,LASTNAME,PLAYER_POSITION,COUNTRY,AGE,TEAM_ID) values (77,'Erling','Haaland','FORWARD','Norway',22,7);
Insert into STU_AHERN544.PLAYERS (PLAYER_ID,FIRSTNAME,LASTNAME,PLAYER_POSITION,COUNTRY,AGE,TEAM_ID) values (78,'Alisson','Becker','GOALKEEPER','Brazil',29,8);
Insert into STU_AHERN544.PLAYERS (PLAYER_ID,FIRSTNAME,LASTNAME,PLAYER_POSITION,COUNTRY,AGE,TEAM_ID) values (79,'Andrew','Robertson','DEFENDER','Scotland',28,8);
Insert into STU_AHERN544.PLAYERS (PLAYER_ID,FIRSTNAME,LASTNAME,PLAYER_POSITION,COUNTRY,AGE,TEAM_ID) values (80,'Virgil','van Dijk','DEFENDER','Netherlands',31,8);
Insert into STU_AHERN544.PLAYERS (PLAYER_ID,FIRSTNAME,LASTNAME,PLAYER_POSITION,COUNTRY,AGE,TEAM_ID) values (81,'Joel','Matip','DEFENDER','Cameroon',31,8);
Insert into STU_AHERN544.PLAYERS (PLAYER_ID,FIRSTNAME,LASTNAME,PLAYER_POSITION,COUNTRY,AGE,TEAM_ID) values (82,'Trent','Alexander-Arnold','DEFENDER','England',23,8);
Insert into STU_AHERN544.PLAYERS (PLAYER_ID,FIRSTNAME,LASTNAME,PLAYER_POSITION,COUNTRY,AGE,TEAM_ID) values (83,'Fabio','Tavares','DEFENDER','Brazil',28,8);
Insert into STU_AHERN544.PLAYERS (PLAYER_ID,FIRSTNAME,LASTNAME,PLAYER_POSITION,COUNTRY,AGE,TEAM_ID) values (84,'Thiago','Alcantara','MIDFIELDER','Spain',31,8);
Insert into STU_AHERN544.PLAYERS (PLAYER_ID,FIRSTNAME,LASTNAME,PLAYER_POSITION,COUNTRY,AGE,TEAM_ID) values (85,'Jordan','Henderson','MIDFIELDER','England',32,8);
Insert into STU_AHERN544.PLAYERS (PLAYER_ID,FIRSTNAME,LASTNAME,PLAYER_POSITION,COUNTRY,AGE,TEAM_ID) values (86,'Sadio','Mane','FORWARD','Senegal',30,8);
Insert into STU_AHERN544.PLAYERS (PLAYER_ID,FIRSTNAME,LASTNAME,PLAYER_POSITION,COUNTRY,AGE,TEAM_ID) values (87,'Diogo','Jota','FORWARD','Portugal',25,8);
Insert into STU_AHERN544.PLAYERS (PLAYER_ID,FIRSTNAME,LASTNAME,PLAYER_POSITION,COUNTRY,AGE,TEAM_ID) values (88,'Mohamed','Salah','FORWARD','Egypt',30,8);
Insert into STU_AHERN544.PLAYERS (PLAYER_ID,FIRSTNAME,LASTNAME,PLAYER_POSITION,COUNTRY,AGE,TEAM_ID) values (89,'David','de Gea','GOALKEEPER','Spain',31,9);
Insert into STU_AHERN544.PLAYERS (PLAYER_ID,FIRSTNAME,LASTNAME,PLAYER_POSITION,COUNTRY,AGE,TEAM_ID) values (90,'Alex','Telles','DEFENDER','Brazil',29,9);
Insert into STU_AHERN544.PLAYERS (PLAYER_ID,FIRSTNAME,LASTNAME,PLAYER_POSITION,COUNTRY,AGE,TEAM_ID) values (91,'Raphael','Varane','DEFENDER','France',29,9);
Insert into STU_AHERN544.PLAYERS (PLAYER_ID,FIRSTNAME,LASTNAME,PLAYER_POSITION,COUNTRY,AGE,TEAM_ID) values (92,'Harry','Maguire','DEFENDER','England',29,9);
Insert into STU_AHERN544.PLAYERS (PLAYER_ID,FIRSTNAME,LASTNAME,PLAYER_POSITION,COUNTRY,AGE,TEAM_ID) values (93,'Diogo','Dalot','DEFENDER','Portugal',23,9);
Insert into STU_AHERN544.PLAYERS (PLAYER_ID,FIRSTNAME,LASTNAME,PLAYER_POSITION,COUNTRY,AGE,TEAM_ID) values (94,'Paul','Pogba','MIDFIELDER','France',29,9);
Insert into STU_AHERN544.PLAYERS (PLAYER_ID,FIRSTNAME,LASTNAME,PLAYER_POSITION,COUNTRY,AGE,TEAM_ID) values (95,'Bruno','Fernandes','MIDFIELDER','Portugal',27,9);
Insert into STU_AHERN544.PLAYERS (PLAYER_ID,FIRSTNAME,LASTNAME,PLAYER_POSITION,COUNTRY,AGE,TEAM_ID) values (96,'Frederico','Santos','MIDFIELDER','Brazil',29,9);
Insert into STU_AHERN544.PLAYERS (PLAYER_ID,FIRSTNAME,LASTNAME,PLAYER_POSITION,COUNTRY,AGE,TEAM_ID) values (97,'Marcus','Rashford','FORWARD','England',24,9);
Insert into STU_AHERN544.PLAYERS (PLAYER_ID,FIRSTNAME,LASTNAME,PLAYER_POSITION,COUNTRY,AGE,TEAM_ID) values (98,'Jadon','Sancho','FORWARD','England',22,9);
Insert into STU_AHERN544.PLAYERS (PLAYER_ID,FIRSTNAME,LASTNAME,PLAYER_POSITION,COUNTRY,AGE,TEAM_ID) values (99,'Cristiano','Ronaldo','FORWARD','Portugal',37,9);
Insert into STU_AHERN544.PLAYERS (PLAYER_ID,FIRSTNAME,LASTNAME,PLAYER_POSITION,COUNTRY,AGE,TEAM_ID) values (100,'Ederson','Moraes','GOALKEEPER','Brazil',29,10);
Insert into STU_AHERN544.PLAYERS (PLAYER_ID,FIRSTNAME,LASTNAME,PLAYER_POSITION,COUNTRY,AGE,TEAM_ID) values (101,'Joao','Cancelo','DEFENDER','Portugal',28,10);
Insert into STU_AHERN544.PLAYERS (PLAYER_ID,FIRSTNAME,LASTNAME,PLAYER_POSITION,COUNTRY,AGE,TEAM_ID) values (102,'Aymeric','Laporte','DEFENDER','Spain',28,10);
Insert into STU_AHERN544.PLAYERS (PLAYER_ID,FIRSTNAME,LASTNAME,PLAYER_POSITION,COUNTRY,AGE,TEAM_ID) values (103,'Ruben','Dias','DEFENDER','Portugal',25,10);
Insert into STU_AHERN544.PLAYERS (PLAYER_ID,FIRSTNAME,LASTNAME,PLAYER_POSITION,COUNTRY,AGE,TEAM_ID) values (104,'Kyle','Walker','DEFENDER','England',32,10);
Insert into STU_AHERN544.PLAYERS (PLAYER_ID,FIRSTNAME,LASTNAME,PLAYER_POSITION,COUNTRY,AGE,TEAM_ID) values (105,'Rodrigo','Hernandez','MIDFIELDER','Spain',26,10);
Insert into STU_AHERN544.PLAYERS (PLAYER_ID,FIRSTNAME,LASTNAME,PLAYER_POSITION,COUNTRY,AGE,TEAM_ID) values (106,'Kevin','de Bruyne','MIDFIELDER','Belgium',31,10);
Insert into STU_AHERN544.PLAYERS (PLAYER_ID,FIRSTNAME,LASTNAME,PLAYER_POSITION,COUNTRY,AGE,TEAM_ID) values (107,'Bernardo','Silva','MIDFIELDER','Portugal',28,10);
Insert into STU_AHERN544.PLAYERS (PLAYER_ID,FIRSTNAME,LASTNAME,PLAYER_POSITION,COUNTRY,AGE,TEAM_ID) values (108,'Jack','Grealish','FORWARD','England',26,10);
Insert into STU_AHERN544.PLAYERS (PLAYER_ID,FIRSTNAME,LASTNAME,PLAYER_POSITION,COUNTRY,AGE,TEAM_ID) values (109,'Phil','Foden','FORWARD','England',22,10);
Insert into STU_AHERN544.PLAYERS (PLAYER_ID,FIRSTNAME,LASTNAME,PLAYER_POSITION,COUNTRY,AGE,TEAM_ID) values (110,'Riyad','Mahrez','FORWARD','Algeria',31,10);
Insert into STU_AHERN544.PLAYERS (PLAYER_ID,FIRSTNAME,LASTNAME,PLAYER_POSITION,COUNTRY,AGE,TEAM_ID) values (111,'Edouard','Mendy','GOALKEEPER','Senegal',30,11);
Insert into STU_AHERN544.PLAYERS (PLAYER_ID,FIRSTNAME,LASTNAME,PLAYER_POSITION,COUNTRY,AGE,TEAM_ID) values (112,'Marcos','Alonso','DEFENDER','Spain',31,11);
Insert into STU_AHERN544.PLAYERS (PLAYER_ID,FIRSTNAME,LASTNAME,PLAYER_POSITION,COUNTRY,AGE,TEAM_ID) values (113,'Antonio','Rudiger','DEFENDER','Germany',29,11);
Insert into STU_AHERN544.PLAYERS (PLAYER_ID,FIRSTNAME,LASTNAME,PLAYER_POSITION,COUNTRY,AGE,TEAM_ID) values (114,'Cesar','Azpilicueta','DEFENDER','Spain',32,11);
Insert into STU_AHERN544.PLAYERS (PLAYER_ID,FIRSTNAME,LASTNAME,PLAYER_POSITION,COUNTRY,AGE,TEAM_ID) values (115,'Thiago','Silva','DEFENDER','Brazil',37,11);
Insert into STU_AHERN544.PLAYERS (PLAYER_ID,FIRSTNAME,LASTNAME,PLAYER_POSITION,COUNTRY,AGE,TEAM_ID) values (116,'Reece','James','DEFENDER','England',22,11);
Insert into STU_AHERN544.PLAYERS (PLAYER_ID,FIRSTNAME,LASTNAME,PLAYER_POSITION,COUNTRY,AGE,TEAM_ID) values (117,'Ngolo','Kante','MIDFIELDER','France',31,11);
Insert into STU_AHERN544.PLAYERS (PLAYER_ID,FIRSTNAME,LASTNAME,PLAYER_POSITION,COUNTRY,AGE,TEAM_ID) values (118,'Mateo','Kovacic','MIDFIELDER','Croatia',28,11);
Insert into STU_AHERN544.PLAYERS (PLAYER_ID,FIRSTNAME,LASTNAME,PLAYER_POSITION,COUNTRY,AGE,TEAM_ID) values (119,'Mason','Mount','MIDFIELDER','England',23,11);
Insert into STU_AHERN544.PLAYERS (PLAYER_ID,FIRSTNAME,LASTNAME,PLAYER_POSITION,COUNTRY,AGE,TEAM_ID) values (120,'Kai','Havertz','FORWARD','Germany',23,11);
Insert into STU_AHERN544.PLAYERS (PLAYER_ID,FIRSTNAME,LASTNAME,PLAYER_POSITION,COUNTRY,AGE,TEAM_ID) values (121,'Timo','Werner','FORWARD','Germany',26,11);
Insert into STU_AHERN544.PLAYERS (PLAYER_ID,FIRSTNAME,LASTNAME,PLAYER_POSITION,COUNTRY,AGE,TEAM_ID) values (122,'Peter','Gulacsi','GOALKEEPER','Hungary',32,12);
Insert into STU_AHERN544.PLAYERS (PLAYER_ID,FIRSTNAME,LASTNAME,PLAYER_POSITION,COUNTRY,AGE,TEAM_ID) values (123,'Mohamed','Simakan','DEFENDER','France',22,12);
Insert into STU_AHERN544.PLAYERS (PLAYER_ID,FIRSTNAME,LASTNAME,PLAYER_POSITION,COUNTRY,AGE,TEAM_ID) values (124,'Willi','Orban','DEFENDER','Hungary',29,12);
Insert into STU_AHERN544.PLAYERS (PLAYER_ID,FIRSTNAME,LASTNAME,PLAYER_POSITION,COUNTRY,AGE,TEAM_ID) values (125,'Josko','Gvardiol','DEFENDER','Croatia',20,12);
Insert into STU_AHERN544.PLAYERS (PLAYER_ID,FIRSTNAME,LASTNAME,PLAYER_POSITION,COUNTRY,AGE,TEAM_ID) values (126,'Nordi','Mukiele','MIDFIELDER','France',24,12);
Insert into STU_AHERN544.PLAYERS (PLAYER_ID,FIRSTNAME,LASTNAME,PLAYER_POSITION,COUNTRY,AGE,TEAM_ID) values (127,'Konrad','Laimer','MIDFIELDER','Austria',25,12);
Insert into STU_AHERN544.PLAYERS (PLAYER_ID,FIRSTNAME,LASTNAME,PLAYER_POSITION,COUNTRY,AGE,TEAM_ID) values (128,'Kevin','Kampl','MIDFIELDER','Slovenia',31,12);
Insert into STU_AHERN544.PLAYERS (PLAYER_ID,FIRSTNAME,LASTNAME,PLAYER_POSITION,COUNTRY,AGE,TEAM_ID) values (129,'Jose Angel','Tasende','MIDFIELDER','Spain',25,12);
Insert into STU_AHERN544.PLAYERS (PLAYER_ID,FIRSTNAME,LASTNAME,PLAYER_POSITION,COUNTRY,AGE,TEAM_ID) values (130,'Emil','Fosberg','FORWARD','Sweden',30,12);
Insert into STU_AHERN544.PLAYERS (PLAYER_ID,FIRSTNAME,LASTNAME,PLAYER_POSITION,COUNTRY,AGE,TEAM_ID) values (131,'Andre','Silva','FORWARD','Portugal',26,12);
Insert into STU_AHERN544.PLAYERS (PLAYER_ID,FIRSTNAME,LASTNAME,PLAYER_POSITION,COUNTRY,AGE,TEAM_ID) values (132,'Christopher','Nkunku','FORWARD','France',24,12);
REM INSERTING into STU_AHERN544.REDCARDS
SET DEFINE OFF;
REM INSERTING into STU_AHERN544.STADIUMS
SET DEFINE OFF;
Insert into STU_AHERN544.STADIUMS (STADIUM_ID,STADIUM_NAME,STADIUM_LOCATION,STADIUM_CAPACITY) values (1,'Santiago Bernabeu','Madrid, Spain',81044);
Insert into STU_AHERN544.STADIUMS (STADIUM_ID,STADIUM_NAME,STADIUM_LOCATION,STADIUM_CAPACITY) values (2,'Camp Nou','Barcelona, Spain',99354);
Insert into STU_AHERN544.STADIUMS (STADIUM_ID,STADIUM_NAME,STADIUM_LOCATION,STADIUM_CAPACITY) values (3,'Allianz Arena','Munich, Germany',75024);
Insert into STU_AHERN544.STADIUMS (STADIUM_ID,STADIUM_NAME,STADIUM_LOCATION,STADIUM_CAPACITY) values (4,'Parc des Princes','Paris, France',47929);
Insert into STU_AHERN544.STADIUMS (STADIUM_ID,STADIUM_NAME,STADIUM_LOCATION,STADIUM_CAPACITY) values (5,'San Siro','Milan, Italy',80018);
Insert into STU_AHERN544.STADIUMS (STADIUM_ID,STADIUM_NAME,STADIUM_LOCATION,STADIUM_CAPACITY) values (6,'Allianz Stadium','Turin, Italy',41507);
Insert into STU_AHERN544.STADIUMS (STADIUM_ID,STADIUM_NAME,STADIUM_LOCATION,STADIUM_CAPACITY) values (7,'Signal Iduna Park','Dortmund, Germany',81365);
Insert into STU_AHERN544.STADIUMS (STADIUM_ID,STADIUM_NAME,STADIUM_LOCATION,STADIUM_CAPACITY) values (8,'Anfield','Liverpool, England',53394);
Insert into STU_AHERN544.STADIUMS (STADIUM_ID,STADIUM_NAME,STADIUM_LOCATION,STADIUM_CAPACITY) values (9,'Old Trafford','Stretford, England',74310);
Insert into STU_AHERN544.STADIUMS (STADIUM_ID,STADIUM_NAME,STADIUM_LOCATION,STADIUM_CAPACITY) values (10,'Etihad Stadium','Manchester, England',53400);
Insert into STU_AHERN544.STADIUMS (STADIUM_ID,STADIUM_NAME,STADIUM_LOCATION,STADIUM_CAPACITY) values (11,'Stamford Bridge','London, England',41837);
Insert into STU_AHERN544.STADIUMS (STADIUM_ID,STADIUM_NAME,STADIUM_LOCATION,STADIUM_CAPACITY) values (12,'Red Bull Arena','Leipzig, Germany',47069);
REM INSERTING into STU_AHERN544.TEAMS
SET DEFINE OFF;
Insert into STU_AHERN544.TEAMS (TEAM_ID,TEAM_NAME,STADIUM_ID) values (1,'Real Madrid',1);
Insert into STU_AHERN544.TEAMS (TEAM_ID,TEAM_NAME,STADIUM_ID) values (2,'Barcelona',2);
Insert into STU_AHERN544.TEAMS (TEAM_ID,TEAM_NAME,STADIUM_ID) values (3,'Bayern Munich',3);
Insert into STU_AHERN544.TEAMS (TEAM_ID,TEAM_NAME,STADIUM_ID) values (4,'Paris Saint Germain',4);
Insert into STU_AHERN544.TEAMS (TEAM_ID,TEAM_NAME,STADIUM_ID) values (5,'Inter Milan',5);
Insert into STU_AHERN544.TEAMS (TEAM_ID,TEAM_NAME,STADIUM_ID) values (6,'Juventus',6);
Insert into STU_AHERN544.TEAMS (TEAM_ID,TEAM_NAME,STADIUM_ID) values (7,'Borussia Dortmund',7);
Insert into STU_AHERN544.TEAMS (TEAM_ID,TEAM_NAME,STADIUM_ID) values (8,'Liverpool',8);
Insert into STU_AHERN544.TEAMS (TEAM_ID,TEAM_NAME,STADIUM_ID) values (9,'Manchester United',9);
Insert into STU_AHERN544.TEAMS (TEAM_ID,TEAM_NAME,STADIUM_ID) values (10,'Manchester City',10);
Insert into STU_AHERN544.TEAMS (TEAM_ID,TEAM_NAME,STADIUM_ID) values (11,'Chelsea',11);
Insert into STU_AHERN544.TEAMS (TEAM_ID,TEAM_NAME,STADIUM_ID) values (12,'RB Leipzig',12);
REM INSERTING into STU_AHERN544.TEAMSTATS
SET DEFINE OFF;
Insert into STU_AHERN544.TEAMSTATS (POSITION,TEAM_ID,POINTS,WINS,DRAWS,LOSSES,GOALSFOR,GOALSAGAINST) values (1,7,38,11,5,6,33,26);
Insert into STU_AHERN544.TEAMSTATS (POSITION,TEAM_ID,POINTS,WINS,DRAWS,LOSSES,GOALSFOR,GOALSAGAINST) values (2,3,35,10,5,7,32,28);
Insert into STU_AHERN544.TEAMSTATS (POSITION,TEAM_ID,POINTS,WINS,DRAWS,LOSSES,GOALSFOR,GOALSAGAINST) values (3,2,35,10,5,7,34,33);
Insert into STU_AHERN544.TEAMSTATS (POSITION,TEAM_ID,POINTS,WINS,DRAWS,LOSSES,GOALSFOR,GOALSAGAINST) values (4,1,35,10,5,7,32,31);
Insert into STU_AHERN544.TEAMSTATS (POSITION,TEAM_ID,POINTS,WINS,DRAWS,LOSSES,GOALSFOR,GOALSAGAINST) values (5,4,32,8,8,6,32,22);
Insert into STU_AHERN544.TEAMSTATS (POSITION,TEAM_ID,POINTS,WINS,DRAWS,LOSSES,GOALSFOR,GOALSAGAINST) values (6,12,32,9,5,8,29,27);
Insert into STU_AHERN544.TEAMSTATS (POSITION,TEAM_ID,POINTS,WINS,DRAWS,LOSSES,GOALSFOR,GOALSAGAINST) values (7,9,31,8,7,7,32,31);
Insert into STU_AHERN544.TEAMSTATS (POSITION,TEAM_ID,POINTS,WINS,DRAWS,LOSSES,GOALSFOR,GOALSAGAINST) values (8,6,29,8,5,9,32,32);
Insert into STU_AHERN544.TEAMSTATS (POSITION,TEAM_ID,POINTS,WINS,DRAWS,LOSSES,GOALSFOR,GOALSAGAINST) values (9,11,26,5,11,6,27,29);
Insert into STU_AHERN544.TEAMSTATS (POSITION,TEAM_ID,POINTS,WINS,DRAWS,LOSSES,GOALSFOR,GOALSAGAINST) values (10,8,25,6,7,9,25,29);
Insert into STU_AHERN544.TEAMSTATS (POSITION,TEAM_ID,POINTS,WINS,DRAWS,LOSSES,GOALSFOR,GOALSAGAINST) values (11,10,22,5,7,10,31,36);
Insert into STU_AHERN544.TEAMSTATS (POSITION,TEAM_ID,POINTS,WINS,DRAWS,LOSSES,GOALSFOR,GOALSAGAINST) values (12,5,18,4,6,12,20,35);
REM INSERTING into STU_AHERN544.YELLOWCARDS
SET DEFINE OFF;
REM INSERTING into STU_AHERN544.COACHES
SET DEFINE OFF;
Insert into STU_AHERN544.COACHES (FIRST_NAME,LAST_NAME,TEAM_ID) values ('Carlo','Ancelotti',1);
Insert into STU_AHERN544.COACHES (FIRST_NAME,LAST_NAME,TEAM_ID) values ('Xavi','Hernandez',2);
Insert into STU_AHERN544.COACHES (FIRST_NAME,LAST_NAME,TEAM_ID) values ('Julian','Nagelsmann',3);
Insert into STU_AHERN544.COACHES (FIRST_NAME,LAST_NAME,TEAM_ID) values ('Christophe','Galtier',4);
Insert into STU_AHERN544.COACHES (FIRST_NAME,LAST_NAME,TEAM_ID) values ('Simone','Inzaghi',5);
Insert into STU_AHERN544.COACHES (FIRST_NAME,LAST_NAME,TEAM_ID) values ('Massimiliano','Allegri',6);
Insert into STU_AHERN544.COACHES (FIRST_NAME,LAST_NAME,TEAM_ID) values ('Edin','Terzic',7);
Insert into STU_AHERN544.COACHES (FIRST_NAME,LAST_NAME,TEAM_ID) values ('Jurgen','Klopp',8);
Insert into STU_AHERN544.COACHES (FIRST_NAME,LAST_NAME,TEAM_ID) values ('Erik','ten Hag',9);
Insert into STU_AHERN544.COACHES (FIRST_NAME,LAST_NAME,TEAM_ID) values ('Pep','Guardiola',10);
Insert into STU_AHERN544.COACHES (FIRST_NAME,LAST_NAME,TEAM_ID) values ('Graham','Potter',11);
Insert into STU_AHERN544.COACHES (FIRST_NAME,LAST_NAME,TEAM_ID) values ('Marco','Rose',12);
--------------------------------------------------------
--  DDL for Index SYS_C00115190
--------------------------------------------------------

  CREATE UNIQUE INDEX "STU_AHERN544"."SYS_C00115190" ON "STU_AHERN544"."ASSISTS" ("POSITION") 
  PCTFREE 10 INITRANS 2 MAXTRANS 255 COMPUTE STATISTICS 
  STORAGE(INITIAL 65536 NEXT 1048576 MINEXTENTS 1 MAXEXTENTS 2147483645
  PCTINCREASE 0 FREELISTS 1 FREELIST GROUPS 1
  BUFFER_POOL DEFAULT FLASH_CACHE DEFAULT CELL_FLASH_CACHE DEFAULT)
  TABLESPACE "USERS" ;
--------------------------------------------------------
--  DDL for Index SYS_C00115247
--------------------------------------------------------

  CREATE UNIQUE INDEX "STU_AHERN544"."SYS_C00115247" ON "STU_AHERN544"."CLEANSHEETS" ("POSITION") 
  PCTFREE 10 INITRANS 2 MAXTRANS 255 COMPUTE STATISTICS 
  STORAGE(INITIAL 65536 NEXT 1048576 MINEXTENTS 1 MAXEXTENTS 2147483645
  PCTINCREASE 0 FREELISTS 1 FREELIST GROUPS 1
  BUFFER_POOL DEFAULT FLASH_CACHE DEFAULT CELL_FLASH_CACHE DEFAULT)
  TABLESPACE "USERS" ;
--------------------------------------------------------
--  DDL for Index SYS_C00115188
--------------------------------------------------------

  CREATE UNIQUE INDEX "STU_AHERN544"."SYS_C00115188" ON "STU_AHERN544"."GOALS" ("POSITION") 
  PCTFREE 10 INITRANS 2 MAXTRANS 255 COMPUTE STATISTICS 
  STORAGE(INITIAL 65536 NEXT 1048576 MINEXTENTS 1 MAXEXTENTS 2147483645
  PCTINCREASE 0 FREELISTS 1 FREELIST GROUPS 1
  BUFFER_POOL DEFAULT FLASH_CACHE DEFAULT CELL_FLASH_CACHE DEFAULT)
  TABLESPACE "USERS" ;
--------------------------------------------------------
--  DDL for Index SYS_C00114660
--------------------------------------------------------

  CREATE UNIQUE INDEX "STU_AHERN544"."SYS_C00114660" ON "STU_AHERN544"."MATCHES" ("MATCH_ID") 
  PCTFREE 10 INITRANS 2 MAXTRANS 255 COMPUTE STATISTICS 
  STORAGE(INITIAL 65536 NEXT 1048576 MINEXTENTS 1 MAXEXTENTS 2147483645
  PCTINCREASE 0 FREELISTS 1 FREELIST GROUPS 1
  BUFFER_POOL DEFAULT FLASH_CACHE DEFAULT CELL_FLASH_CACHE DEFAULT)
  TABLESPACE "USERS" ;
--------------------------------------------------------
--  DDL for Index SYS_C00114646
--------------------------------------------------------

  CREATE UNIQUE INDEX "STU_AHERN544"."SYS_C00114646" ON "STU_AHERN544"."PLAYERS" ("PLAYER_ID") 
  PCTFREE 10 INITRANS 2 MAXTRANS 255 COMPUTE STATISTICS 
  STORAGE(INITIAL 65536 NEXT 1048576 MINEXTENTS 1 MAXEXTENTS 2147483645
  PCTINCREASE 0 FREELISTS 1 FREELIST GROUPS 1
  BUFFER_POOL DEFAULT FLASH_CACHE DEFAULT CELL_FLASH_CACHE DEFAULT)
  TABLESPACE "USERS" ;
--------------------------------------------------------
--  DDL for Index SYS_C00115285
--------------------------------------------------------

  CREATE UNIQUE INDEX "STU_AHERN544"."SYS_C00115285" ON "STU_AHERN544"."REDCARDS" ("POSITION") 
  PCTFREE 10 INITRANS 2 MAXTRANS 255 COMPUTE STATISTICS 
  STORAGE(INITIAL 65536 NEXT 1048576 MINEXTENTS 1 MAXEXTENTS 2147483645
  PCTINCREASE 0 FREELISTS 1 FREELIST GROUPS 1
  BUFFER_POOL DEFAULT FLASH_CACHE DEFAULT CELL_FLASH_CACHE DEFAULT)
  TABLESPACE "USERS" ;
--------------------------------------------------------
--  DDL for Index SYS_C00114639
--------------------------------------------------------

  CREATE UNIQUE INDEX "STU_AHERN544"."SYS_C00114639" ON "STU_AHERN544"."STADIUMS" ("STADIUM_ID") 
  PCTFREE 10 INITRANS 2 MAXTRANS 255 COMPUTE STATISTICS 
  STORAGE(INITIAL 65536 NEXT 1048576 MINEXTENTS 1 MAXEXTENTS 2147483645
  PCTINCREASE 0 FREELISTS 1 FREELIST GROUPS 1
  BUFFER_POOL DEFAULT FLASH_CACHE DEFAULT CELL_FLASH_CACHE DEFAULT)
  TABLESPACE "USERS" ;
--------------------------------------------------------
--  DDL for Index SYS_C00114641
--------------------------------------------------------

  CREATE UNIQUE INDEX "STU_AHERN544"."SYS_C00114641" ON "STU_AHERN544"."TEAMS" ("TEAM_ID") 
  PCTFREE 10 INITRANS 2 MAXTRANS 255 COMPUTE STATISTICS 
  STORAGE(INITIAL 65536 NEXT 1048576 MINEXTENTS 1 MAXEXTENTS 2147483645
  PCTINCREASE 0 FREELISTS 1 FREELIST GROUPS 1
  BUFFER_POOL DEFAULT FLASH_CACHE DEFAULT CELL_FLASH_CACHE DEFAULT)
  TABLESPACE "USERS" ;
--------------------------------------------------------
--  DDL for Index SYS_C00115680
--------------------------------------------------------

  CREATE UNIQUE INDEX "STU_AHERN544"."SYS_C00115680" ON "STU_AHERN544"."TEAMSTATS" ("POSITION") 
  PCTFREE 10 INITRANS 2 MAXTRANS 255 COMPUTE STATISTICS 
  STORAGE(INITIAL 65536 NEXT 1048576 MINEXTENTS 1 MAXEXTENTS 2147483645
  PCTINCREASE 0 FREELISTS 1 FREELIST GROUPS 1
  BUFFER_POOL DEFAULT FLASH_CACHE DEFAULT CELL_FLASH_CACHE DEFAULT)
  TABLESPACE "USERS" ;
--------------------------------------------------------
--  DDL for Index SYS_C00115282
--------------------------------------------------------

  CREATE UNIQUE INDEX "STU_AHERN544"."SYS_C00115282" ON "STU_AHERN544"."YELLOWCARDS" ("POSITION") 
  PCTFREE 10 INITRANS 2 MAXTRANS 255 COMPUTE STATISTICS 
  STORAGE(INITIAL 65536 NEXT 1048576 MINEXTENTS 1 MAXEXTENTS 2147483645
  PCTINCREASE 0 FREELISTS 1 FREELIST GROUPS 1
  BUFFER_POOL DEFAULT FLASH_CACHE DEFAULT CELL_FLASH_CACHE DEFAULT)
  TABLESPACE "USERS" ;
--------------------------------------------------------
--  Constraints for Table ASSISTS
--------------------------------------------------------

  ALTER TABLE "STU_AHERN544"."ASSISTS" ADD PRIMARY KEY ("POSITION")
  USING INDEX PCTFREE 10 INITRANS 2 MAXTRANS 255 COMPUTE STATISTICS 
  STORAGE(INITIAL 65536 NEXT 1048576 MINEXTENTS 1 MAXEXTENTS 2147483645
  PCTINCREASE 0 FREELISTS 1 FREELIST GROUPS 1
  BUFFER_POOL DEFAULT FLASH_CACHE DEFAULT CELL_FLASH_CACHE DEFAULT)
  TABLESPACE "USERS"  ENABLE;
--------------------------------------------------------
--  Constraints for Table CLEANSHEETS
--------------------------------------------------------

  ALTER TABLE "STU_AHERN544"."CLEANSHEETS" ADD PRIMARY KEY ("POSITION")
  USING INDEX PCTFREE 10 INITRANS 2 MAXTRANS 255 COMPUTE STATISTICS 
  STORAGE(INITIAL 65536 NEXT 1048576 MINEXTENTS 1 MAXEXTENTS 2147483645
  PCTINCREASE 0 FREELISTS 1 FREELIST GROUPS 1
  BUFFER_POOL DEFAULT FLASH_CACHE DEFAULT CELL_FLASH_CACHE DEFAULT)
  TABLESPACE "USERS"  ENABLE;
--------------------------------------------------------
--  Constraints for Table GOALS
--------------------------------------------------------

  ALTER TABLE "STU_AHERN544"."GOALS" ADD PRIMARY KEY ("POSITION")
  USING INDEX PCTFREE 10 INITRANS 2 MAXTRANS 255 COMPUTE STATISTICS 
  STORAGE(INITIAL 65536 NEXT 1048576 MINEXTENTS 1 MAXEXTENTS 2147483645
  PCTINCREASE 0 FREELISTS 1 FREELIST GROUPS 1
  BUFFER_POOL DEFAULT FLASH_CACHE DEFAULT CELL_FLASH_CACHE DEFAULT)
  TABLESPACE "USERS"  ENABLE;
--------------------------------------------------------
--  Constraints for Table MATCHES
--------------------------------------------------------

  ALTER TABLE "STU_AHERN544"."MATCHES" ADD PRIMARY KEY ("MATCH_ID")
  USING INDEX PCTFREE 10 INITRANS 2 MAXTRANS 255 COMPUTE STATISTICS 
  STORAGE(INITIAL 65536 NEXT 1048576 MINEXTENTS 1 MAXEXTENTS 2147483645
  PCTINCREASE 0 FREELISTS 1 FREELIST GROUPS 1
  BUFFER_POOL DEFAULT FLASH_CACHE DEFAULT CELL_FLASH_CACHE DEFAULT)
  TABLESPACE "USERS"  ENABLE;
  ALTER TABLE "STU_AHERN544"."MATCHES" MODIFY ("STADIUM_ID" NOT NULL ENABLE);
  ALTER TABLE "STU_AHERN544"."MATCHES" MODIFY ("MATCH_DATE" NOT NULL ENABLE);
--------------------------------------------------------
--  Constraints for Table PLAYERS
--------------------------------------------------------

  ALTER TABLE "STU_AHERN544"."PLAYERS" ADD PRIMARY KEY ("PLAYER_ID")
  USING INDEX PCTFREE 10 INITRANS 2 MAXTRANS 255 COMPUTE STATISTICS 
  STORAGE(INITIAL 65536 NEXT 1048576 MINEXTENTS 1 MAXEXTENTS 2147483645
  PCTINCREASE 0 FREELISTS 1 FREELIST GROUPS 1
  BUFFER_POOL DEFAULT FLASH_CACHE DEFAULT CELL_FLASH_CACHE DEFAULT)
  TABLESPACE "USERS"  ENABLE;
  ALTER TABLE "STU_AHERN544"."PLAYERS" ADD CHECK (age>=18 AND age<=40) ENABLE;
  ALTER TABLE "STU_AHERN544"."PLAYERS" ADD CHECK (
        player_position = 'GOALKEEPER' OR player_position = 'DEFENDER' 
        OR player_position = 'MIDFIELDER' OR player_position = 'FORWARD') ENABLE;
  ALTER TABLE "STU_AHERN544"."PLAYERS" MODIFY ("PLAYER_POSITION" NOT NULL ENABLE);
--------------------------------------------------------
--  Constraints for Table REDCARDS
--------------------------------------------------------

  ALTER TABLE "STU_AHERN544"."REDCARDS" ADD PRIMARY KEY ("POSITION")
  USING INDEX PCTFREE 10 INITRANS 2 MAXTRANS 255 COMPUTE STATISTICS 
  STORAGE(INITIAL 65536 NEXT 1048576 MINEXTENTS 1 MAXEXTENTS 2147483645
  PCTINCREASE 0 FREELISTS 1 FREELIST GROUPS 1
  BUFFER_POOL DEFAULT FLASH_CACHE DEFAULT CELL_FLASH_CACHE DEFAULT)
  TABLESPACE "USERS"  ENABLE;
--------------------------------------------------------
--  Constraints for Table STADIUMS
--------------------------------------------------------

  ALTER TABLE "STU_AHERN544"."STADIUMS" ADD PRIMARY KEY ("STADIUM_ID")
  USING INDEX PCTFREE 10 INITRANS 2 MAXTRANS 255 COMPUTE STATISTICS 
  STORAGE(INITIAL 65536 NEXT 1048576 MINEXTENTS 1 MAXEXTENTS 2147483645
  PCTINCREASE 0 FREELISTS 1 FREELIST GROUPS 1
  BUFFER_POOL DEFAULT FLASH_CACHE DEFAULT CELL_FLASH_CACHE DEFAULT)
  TABLESPACE "USERS"  ENABLE;
  ALTER TABLE "STU_AHERN544"."STADIUMS" MODIFY ("STADIUM_CAPACITY" NOT NULL ENABLE);
  ALTER TABLE "STU_AHERN544"."STADIUMS" MODIFY ("STADIUM_NAME" NOT NULL ENABLE);
--------------------------------------------------------
--  Constraints for Table TEAMS
--------------------------------------------------------

  ALTER TABLE "STU_AHERN544"."TEAMS" ADD PRIMARY KEY ("TEAM_ID")
  USING INDEX PCTFREE 10 INITRANS 2 MAXTRANS 255 COMPUTE STATISTICS 
  STORAGE(INITIAL 65536 NEXT 1048576 MINEXTENTS 1 MAXEXTENTS 2147483645
  PCTINCREASE 0 FREELISTS 1 FREELIST GROUPS 1
  BUFFER_POOL DEFAULT FLASH_CACHE DEFAULT CELL_FLASH_CACHE DEFAULT)
  TABLESPACE "USERS"  ENABLE;
  ALTER TABLE "STU_AHERN544"."TEAMS" MODIFY ("TEAM_NAME" NOT NULL ENABLE);
--------------------------------------------------------
--  Constraints for Table TEAMSTATS
--------------------------------------------------------

  ALTER TABLE "STU_AHERN544"."TEAMSTATS" ADD PRIMARY KEY ("POSITION")
  USING INDEX PCTFREE 10 INITRANS 2 MAXTRANS 255 COMPUTE STATISTICS 
  STORAGE(INITIAL 65536 NEXT 1048576 MINEXTENTS 1 MAXEXTENTS 2147483645
  PCTINCREASE 0 FREELISTS 1 FREELIST GROUPS 1
  BUFFER_POOL DEFAULT FLASH_CACHE DEFAULT CELL_FLASH_CACHE DEFAULT)
  TABLESPACE "USERS"  ENABLE;
  ALTER TABLE "STU_AHERN544"."TEAMSTATS" MODIFY ("GOALSAGAINST" NOT NULL ENABLE);
  ALTER TABLE "STU_AHERN544"."TEAMSTATS" MODIFY ("GOALSFOR" NOT NULL ENABLE);
  ALTER TABLE "STU_AHERN544"."TEAMSTATS" MODIFY ("LOSSES" NOT NULL ENABLE);
  ALTER TABLE "STU_AHERN544"."TEAMSTATS" MODIFY ("DRAWS" NOT NULL ENABLE);
  ALTER TABLE "STU_AHERN544"."TEAMSTATS" MODIFY ("WINS" NOT NULL ENABLE);
--------------------------------------------------------
--  Constraints for Table YELLOWCARDS
--------------------------------------------------------

  ALTER TABLE "STU_AHERN544"."YELLOWCARDS" ADD PRIMARY KEY ("POSITION")
  USING INDEX PCTFREE 10 INITRANS 2 MAXTRANS 255 COMPUTE STATISTICS 
  STORAGE(INITIAL 65536 NEXT 1048576 MINEXTENTS 1 MAXEXTENTS 2147483645
  PCTINCREASE 0 FREELISTS 1 FREELIST GROUPS 1
  BUFFER_POOL DEFAULT FLASH_CACHE DEFAULT CELL_FLASH_CACHE DEFAULT)
  TABLESPACE "USERS"  ENABLE;
--------------------------------------------------------
--  Ref Constraints for Table ASSISTS
--------------------------------------------------------

  ALTER TABLE "STU_AHERN544"."ASSISTS" ADD FOREIGN KEY ("TEAM_ID")
	  REFERENCES "STU_AHERN544"."TEAMS" ("TEAM_ID") ENABLE;
  ALTER TABLE "STU_AHERN544"."ASSISTS" ADD FOREIGN KEY ("PLAYER_ID")
	  REFERENCES "STU_AHERN544"."PLAYERS" ("PLAYER_ID") ENABLE;
--------------------------------------------------------
--  Ref Constraints for Table CLEANSHEETS
--------------------------------------------------------

  ALTER TABLE "STU_AHERN544"."CLEANSHEETS" ADD FOREIGN KEY ("TEAM_ID")
	  REFERENCES "STU_AHERN544"."TEAMS" ("TEAM_ID") ENABLE;
--------------------------------------------------------
--  Ref Constraints for Table GOALS
--------------------------------------------------------

  ALTER TABLE "STU_AHERN544"."GOALS" ADD FOREIGN KEY ("TEAM_ID")
	  REFERENCES "STU_AHERN544"."TEAMS" ("TEAM_ID") ENABLE;
  ALTER TABLE "STU_AHERN544"."GOALS" ADD FOREIGN KEY ("PLAYER_ID")
	  REFERENCES "STU_AHERN544"."PLAYERS" ("PLAYER_ID") ENABLE;
--------------------------------------------------------
--  Ref Constraints for Table MATCHES
--------------------------------------------------------

  ALTER TABLE "STU_AHERN544"."MATCHES" ADD FOREIGN KEY ("STADIUM_ID")
	  REFERENCES "STU_AHERN544"."STADIUMS" ("STADIUM_ID") ENABLE;
--------------------------------------------------------
--  Ref Constraints for Table PLAYERS
--------------------------------------------------------

  ALTER TABLE "STU_AHERN544"."PLAYERS" ADD FOREIGN KEY ("TEAM_ID")
	  REFERENCES "STU_AHERN544"."TEAMS" ("TEAM_ID") ENABLE;
--------------------------------------------------------
--  Ref Constraints for Table REDCARDS
--------------------------------------------------------

  ALTER TABLE "STU_AHERN544"."REDCARDS" ADD FOREIGN KEY ("PLAYER_ID")
	  REFERENCES "STU_AHERN544"."PLAYERS" ("PLAYER_ID") ENABLE;
  ALTER TABLE "STU_AHERN544"."REDCARDS" ADD FOREIGN KEY ("TEAM_ID")
	  REFERENCES "STU_AHERN544"."TEAMS" ("TEAM_ID") ENABLE;
--------------------------------------------------------
--  Ref Constraints for Table TEAMS
--------------------------------------------------------

  ALTER TABLE "STU_AHERN544"."TEAMS" ADD FOREIGN KEY ("STADIUM_ID")
	  REFERENCES "STU_AHERN544"."STADIUMS" ("STADIUM_ID") ENABLE;
--------------------------------------------------------
--  Ref Constraints for Table TEAMSTATS
--------------------------------------------------------

  ALTER TABLE "STU_AHERN544"."TEAMSTATS" ADD FOREIGN KEY ("TEAM_ID")
	  REFERENCES "STU_AHERN544"."TEAMS" ("TEAM_ID") ENABLE;
--------------------------------------------------------
--  Ref Constraints for Table YELLOWCARDS
--------------------------------------------------------

  ALTER TABLE "STU_AHERN544"."YELLOWCARDS" ADD FOREIGN KEY ("PLAYER_ID")
	  REFERENCES "STU_AHERN544"."PLAYERS" ("PLAYER_ID") ENABLE;
  ALTER TABLE "STU_AHERN544"."YELLOWCARDS" ADD FOREIGN KEY ("TEAM_ID")
	  REFERENCES "STU_AHERN544"."TEAMS" ("TEAM_ID") ENABLE;
--------------------------------------------------------
--  Ref Constraints for Table COACHES
--------------------------------------------------------

  ALTER TABLE "STU_AHERN544"."COACHES" ADD FOREIGN KEY ("TEAM_ID")
	  REFERENCES "STU_AHERN544"."TEAMS" ("TEAM_ID") ENABLE;
